Transition_From*, Transition_To*, Variable*, Range_Lower_Limit*, Range_Upper_Limit*, Possible_Transitions, Executed_Transitions, Weight_Coefficient, Contrast, Significant, 
1, 2, distance/distance_to_1, 0, 100, 92488, 16427, 0, 0, 0, 
1, 2, static/PlanningUnit, 0, 100, 92488, 16427, 0, 0, 0, 
1, 2, static/dist2deforest, 0, 100, 92488, 16427, 0, 0, 0, 
1, 2, static/dist2protect, 0, 100, 44832, 1554, -1.79420284343439, -2.5364495710675, 1, 
1, 2, static/dist2protect, 100, 200, 1410, 104, -0.997724083325261, -1.00869246720101, 1, 
1, 2, static/dist2protect, 200, 1300, 10264, 985, -0.710258092811348, -0.778524906914118, 1, 
1, 2, static/dist2protect, 1300, 1400, 900, 135, -0.201991728018364, -0.20384823262932, 1, 
1, 2, static/dist2protect, 1400, 1600, 1583, 284, 0.012233548860349, 0.0124474368186838, 0, 
1, 2, static/dist2protect, 1600, 4000, 15956, 3324, 0.197544927409603, 0.242015558528254, 1, 
1, 2, static/dist2protect, 4000, 4200, 919, 231, 0.441238199958192, 0.446313695117169, 1, 
1, 2, static/dist2protect, 4200, 4500, 1317, 406, 0.724419589711517, 0.737396016876181, 1, 
1, 2, static/dist2protect, 4500, 5700, 4238, 1605, 1.03760920343755, 1.10519264680704, 1, 
1, 2, static/dist2protect, 5700, 5800, 282, 147, 1.61776713571005, 1.62497962950332, 1, 
1, 2, static/dist2protect, 5800, 13200, 8317, 5678, 2.29880832789934, 2.68760989177025, 1, 
1, 2, static/dist2protect, 13200, 61400, 2470, 1974, 2.91385062063824, 3.03533250082388, 1, 
1, 2, static/dist2road, 0, 100, 549, 267, 1.47795091483188, 1.49062374377862, 1, 
1, 2, static/dist2road, 100, 2500, 26938, 10779, 1.12773195417912, 1.95653102016408, 1, 
1, 2, static/dist2road, 2500, 2600, 1176, 347, 0.661713952181307, 0.672105033418403, 1, 
1, 2, static/dist2road, 2600, 3000, 4232, 1103, 0.489929602954363, 0.517427548923176, 1, 
1, 2, static/dist2road, 3000, 3100, 982, 217, 0.272630847083666, 0.275820196511291, 1, 
1, 2, static/dist2road, 3100, 3200, 1027, 211, 0.180053105881702, 0.182194825600942, 1, 
1, 2, static/dist2road, 3200, 3500, 2894, 635, 0.263556809794431, 0.272829831243786, 1, 
1, 2, static/dist2road, 3500, 3600, 902, 233, 0.477863720807215, 0.483314758762616, 1, 
1, 2, static/dist2road, 3600, 4300, 6417, 1481, 0.328771576052318, 0.356157435620972, 1, 
1, 2, static/dist2road, 4300, 4400, 852, 143, -0.0684015689024775, -0.0690234593924365, 0, 
1, 2, static/dist2road, 4400, 4500, 774, 118, -0.182866837108682, -0.184319681340557, 0, 
1, 2, static/dist2road, 4500, 4800, 2244, 298, -0.343828448870803, -0.351438729209769, 1, 
1, 2, static/dist2road, 4800, 4900, 747, 88, -0.480777392654558, -0.484107808211925, 1, 
1, 2, static/dist2road, 4900, 5000, 707, 71, -0.659909358929064, -0.663974703756078, 1, 
1, 2, static/dist2road, 5000, 5200, 1439, 116, -0.901457645638848, -0.911918035573887, 1, 
1, 2, static/dist2road, 5200, 5300, 635, 36, -1.2791333322896, -1.28484584507349, 1, 
1, 2, static/dist2road, 5300, 7100, 10529, 284, -2.05296149514205, -2.18019437182056, 1, 
1, 2, static/dist2road, 7100, 14900, 24527, 0, 0, 0, 0, 
1, 2, static/dist2road, 14900, 15000, 169, 0, 0, 0, 0, 
1, 2, static/dist2road, 15000, 20500, 4748, 0, 0, 0, 0, 
1, 2, static/elevation, 0, 100, 391, 360, 3.98472615433475, 4.00647734714416, 1, 
1, 2, static/elevation, 100, 400, 20955, 12303, 1.88466195435696, 3.14600760099355, 1, 
1, 2, static/elevation, 400, 500, 7451, 1972, 0.510734980993908, 0.563860432640779, 1, 
1, 2, static/elevation, 500, 600, 7063, 1693, 0.378283521999968, 0.413834712724865, 1, 
1, 2, static/elevation, 600, 700, 7179, 99, -2.73730000918343, -2.82895965770147, 1, 
1, 2, static/elevation, 700, 800, 7586, 0, 0, 0, 0, 
1, 2, static/elevation, 800, 900, 6967, 0, 0, 0, 0, 
1, 2, static/elevation, 900, 1000, 6329, 0, 0, 0, 0, 
1, 2, static/elevation, 1000, 1100, 8143, 0, 0, 0, 0, 
1, 2, static/elevation, 1100, 1200, 6717, 0, 0, 0, 0, 
1, 2, static/elevation, 1200, 1900, 13484, 0, 0, 0, 0, 
1, 2, static/elevation, 1900, 2600, 223, 0, 0, 0, 0, 
1, 2, static/population, 0, 100, 92423, 16362, -0.00396474946755636, 0, 0, 
1, 2, static/population, 100, 200, 50, 50, 0, 0, 0, 
1, 2, static/population, 200, 600, 15, 15, 0, 0, 0, 
1, 10, distance/distance_to_1, 0, 100, 79584, 3523, 0, 0, 0, 
1, 10, static/PlanningUnit, 0, 100, 79584, 3523, 0, 0, 0, 
1, 10, static/dist2deforest, 0, 200, 76888, 827, -1.44926348331755, 0, 0, 
1, 10, static/dist2deforest, 200, 300, 485, 485, 0, 0, 0, 
1, 10, static/dist2deforest, 300, 14500, 2211, 2211, 0, 0, 0, 
1, 10, static/dist2protect, 0, 5000, 71711, 292, -2.42734266653223, -5.13721179609205, 1, 
1, 10, static/dist2protect, 5000, 5100, 275, 19, 0.471484285256583, 0.473520615146278, 1, 
1, 10, static/dist2protect, 5100, 5300, 456, 22, 0.0902206698276159, 0.090762639567683, 0, 
1, 10, static/dist2protect, 5300, 5400, 222, 14, 0.373742000483645, 0.374985410072123, 0, 
1, 10, static/dist2protect, 5400, 5500, 185, 17, 0.781472115222662, 0.784098031688397, 1, 
1, 10, static/dist2protect, 5500, 6600, 1187, 138, 1.04388382733061, 1.06995527113434, 1, 
1, 10, static/dist2protect, 6600, 6700, 46, 13, 2.14066454656476, 2.14392745200587, 1, 
1, 10, static/dist2protect, 6700, 61700, 5502, 3008, 3.25961030939945, 5.14917249277007, 1, 
1, 10, static/dist2road, 0, 100, 381, 99, 2.02543552976618, 2.05022453032641, 1, 
1, 10, static/dist2road, 100, 1500, 10928, 1875, 1.49773521549878, 2.13076204868986, 1, 
1, 10, static/dist2road, 1500, 1600, 714, 57, 0.627589999919644, 0.635226382061191, 1, 
1, 10, static/dist2road, 1600, 1800, 1547, 146, 0.810887825941034, 0.834621807454337, 1, 
1, 10, static/dist2road, 1800, 1900, 824, 101, 1.1039340452522, 1.12347077480069, 1, 
1, 10, static/dist2road, 1900, 2200, 2435, 233, 0.82613988685278, 0.865187441710477, 1, 
1, 10, static/dist2road, 2200, 2300, 725, 48, 0.425752488565321, 0.430530309883316, 1, 
1, 10, static/dist2road, 2300, 4100, 14200, 765, 0.206480063346649, 0.256932060747247, 1, 
1, 10, static/dist2road, 4100, 4200, 744, 16, -0.7454895753872, -0.75055501129932, 1, 
1, 10, static/dist2road, 4200, 4400, 1431, 36, -0.584908005229651, -0.593147688917228, 1, 
1, 10, static/dist2road, 4400, 5000, 3976, 79, -0.826291702301983, -0.856206732846615, 1, 
1, 10, static/dist2road, 5000, 5200, 1354, 31, -0.681447209060105, -0.690155933340567, 1, 
1, 10, static/dist2road, 5200, 5300, 617, 18, -0.43266708964958, -0.435451142412765, 0, 
1, 10, static/dist2road, 5300, 5400, 625, 5, -1.74805881503533, -1.75482331811572, 1, 
1, 10, static/dist2road, 5400, 5900, 3045, 11, -2.5475191365404, -2.58509832710335, 1, 
1, 10, static/dist2road, 5900, 20500, 36038, 3, -6.32141092812073, -6.962565425345, 1, 
1, 10, static/elevation, 0, 100, 721, 690, 6.17492714367586, 6.39249617149812, 1, 
1, 10, static/elevation, 100, 300, 5955, 2744, 2.91505704532597, 4.38098106050886, 1, 
1, 10, static/elevation, 300, 500, 10988, 68, -2.00662079355308, -2.14211185006166, 1, 
1, 10, static/elevation, 500, 600, 5379, 9, -3.31913585959699, -3.38979533357633, 1, 
1, 10, static/elevation, 600, 700, 7083, 3, -4.69419414744995, -4.79104678327041, 1, 
1, 10, static/elevation, 700, 800, 7587, 1, -5.86183697167914, -5.96662001717372, 1, 
1, 10, static/elevation, 800, 900, 6972, 5, -4.16727933202631, -4.26192683258794, 1, 
1, 10, static/elevation, 900, 2600, 34899, 3, -6.2892924492036, -6.90238780863292, 1, 
1, 10, static/population, 0, 100, 79465, 3404, -0.0343616886479729, 0, 0, 
1, 10, static/population, 100, 200, 106, 106, 0, 0, 0, 
1, 10, static/population, 200, 1400, 13, 13, 0, 0, 0, 
1, 16, distance/distance_to_1, 0, 100, 82916, 6855, 0, 0, 0, 
1, 16, static/PlanningUnit, 0, 100, 82916, 6855, 0, 0, 0, 
1, 16, static/dist2deforest, 0, 200, 78673, 2612, -0.964862101600093, 0, 0, 
1, 16, static/dist2deforest, 200, 300, 1071, 1071, 0, 0, 0, 
1, 16, static/dist2deforest, 300, 11900, 3172, 3172, 0, 0, 0, 
1, 16, static/dist2protect, 0, 3000, 65029, 513, -2.42783535195178, -4.235334422176, 1, 
1, 16, static/dist2protect, 3000, 3100, 487, 25, -0.51013172929901, -0.512570684211461, 1, 
1, 16, static/dist2protect, 3100, 4100, 4170, 260, -0.304053685049356, -0.318161662995471, 1, 
1, 16, static/dist2protect, 4100, 5100, 3016, 229, -0.0924416870131809, -0.0957944885209597, 0, 
1, 16, static/dist2protect, 5100, 5300, 481, 47, 0.183660404524182, 0.184818038620881, 0, 
1, 16, static/dist2protect, 5300, 5400, 252, 44, 0.853208891131471, 0.856909858717022, 1, 
1, 16, static/dist2protect, 5400, 6100, 1162, 257, 1.14769847810982, 1.17394052172018, 1, 
1, 16, static/dist2protect, 6100, 6200, 109, 33, 1.57233155809468, 1.57615748956926, 1, 
1, 16, static/dist2protect, 6200, 7000, 663, 295, 2.18544975508542, 2.22458750110524, 1, 
1, 16, static/dist2protect, 7000, 61800, 7547, 5152, 3.1725590948537, 4.53315171929356, 1, 
1, 16, static/dist2road, 0, 100, 441, 159, 1.83355446819665, 1.85330800750437, 1, 
1, 16, static/dist2road, 100, 1600, 13145, 3435, 1.36741798028561, 1.92617892455126, 1, 
1, 16, static/dist2road, 1600, 1700, 807, 157, 0.985830779373153, 1.00041762105398, 1, 
1, 16, static/dist2road, 1700, 3000, 11614, 1857, 0.747534643159284, 0.926189701028958, 1, 
1, 16, static/dist2road, 3000, 3100, 842, 77, 0.110486924941676, 0.11167452738724, 0, 
1, 16, static/dist2road, 3100, 3400, 2558, 252, 0.192716723596947, 0.199384085001997, 1, 
1, 16, static/dist2road, 3400, 3500, 862, 93, 0.29406586056214, 0.297563706823849, 1, 
1, 16, static/dist2road, 3500, 3800, 2269, 208, 0.113148835725387, 0.116490966955584, 0, 
1, 16, static/dist2road, 3800, 3900, 809, 55, -0.211501845860957, -0.213408702984966, 0, 
1, 16, static/dist2road, 3900, 4100, 1488, 112, -0.101879810283667, -0.103662808188384, 0, 
1, 16, static/dist2road, 4100, 4200, 801, 73, 0.106715729866233, 0.107804635063884, 0, 
1, 16, static/dist2road, 4200, 4300, 742, 56, -0.0989686000762083, -0.099825824487709, 0, 
1, 16, static/dist2road, 4300, 4400, 754, 45, -0.35063569984728, -0.353414689402713, 1, 
1, 16, static/dist2road, 4400, 5100, 4815, 223, -0.618341829624756, -0.647541795122984, 1, 
1, 16, static/dist2road, 5100, 5200, 638, 10, -1.73339773655963, -1.74022868716589, 1, 
1, 16, static/dist2road, 5200, 5300, 613, 14, -1.34964693158566, -1.35550896998598, 1, 
1, 16, static/dist2road, 5300, 5500, 1220, 16, -1.91425856671446, -1.92787779887798, 1, 
1, 16, static/dist2road, 5500, 5600, 666, 4, -2.70241385790259, -2.71057180951139, 1, 
1, 16, static/dist2road, 5600, 18500, 37216, 9, -5.92047028035136, -6.5908811257573, 1, 
1, 16, static/dist2road, 18500, 20500, 616, 0, 0, 0, 0, 
1, 16, static/elevation, 0, 100, 1825, 1794, 6.46477317504812, 6.767779745142, 1, 
1, 16, static/elevation, 100, 200, 3752, 3450, 4.84225982956506, 5.53801480226215, 1, 
1, 16, static/elevation, 200, 2600, 77339, 1611, -1.44373553205453, -6.6069902238722, 1, 
1, 16, static/population, 0, 100, 82724, 6663, -0.0284084794338776, 0, 0, 
1, 16, static/population, 100, 200, 182, 182, 0, 0, 0, 
1, 16, static/population, 200, 600, 10, 10, 0, 0, 0, 
1, 17, distance/distance_to_1, 0, 100, 83905, 7844, 0, 0, 0, 
1, 17, static/PlanningUnit, 0, 100, 83905, 7844, 0, 0, 0, 
1, 17, static/dist2deforest, 0, 200, 78573, 2512, -1.13866965972815, 0, 0, 
1, 17, static/dist2deforest, 200, 300, 1470, 1470, 0, 0, 0, 
1, 17, static/dist2deforest, 300, 14400, 3862, 3862, 0, 0, 0, 
1, 17, static/dist2protect, 0, 200, 45029, 445, -2.33526930548843, -3.15914378262083, 1, 
1, 17, static/dist2protect, 200, 300, 1346, 69, -0.646375609840574, -0.65447185114413, 1, 
1, 17, static/dist2protect, 300, 2300, 15506, 973, -0.43200638084546, -0.511610422734352, 1, 
1, 17, static/dist2protect, 2300, 2400, 632, 62, 0.0532847658112013, 0.0536980935055835, 0, 
1, 17, static/dist2protect, 2400, 2500, 664, 53, -0.173018304024768, -0.174304081754337, 0, 
1, 17, static/dist2protect, 2500, 4300, 8821, 834, 0.0124496450360633, 0.0139205511662884, 0, 
1, 17, static/dist2protect, 4300, 4400, 393, 71, 0.759915073091613, 0.764765360572201, 1, 
1, 17, static/dist2protect, 4400, 7200, 4950, 1117, 1.03878547528335, 1.14069723699881, 1, 
1, 17, static/dist2protect, 7200, 7300, 72, 48, 2.96493392215465, 2.97075646283706, 1, 
1, 17, static/dist2protect, 7300, 61700, 6492, 4172, 2.85861509305501, 3.58665083257695, 1, 
1, 17, static/dist2road, 0, 100, 543, 261, 2.19440007797929, 2.22452564607521, 1, 
1, 17, static/dist2road, 100, 1800, 16741, 5630, 1.59196057514443, 2.69899074237989, 1, 
1, 17, static/dist2road, 1800, 1900, 853, 130, 0.555911969891523, 0.563073024098983, 1, 
1, 17, static/dist2road, 1900, 2000, 826, 113, 0.42969313989275, 0.43478555987968, 1, 
1, 17, static/dist2road, 2000, 2200, 1695, 206, 0.293802877700278, 0.300645448935463, 1, 
1, 17, static/dist2road, 2200, 2300, 770, 93, 0.286714961835687, 0.289701403846062, 1, 
1, 17, static/dist2road, 2300, 2400, 775, 73, 0.00831277871728564, 0.00839054143647427, 0, 
1, 17, static/dist2road, 2400, 2500, 828, 84, 0.0905625056049273, 0.0914993027523907, 0, 
1, 17, static/dist2road, 2500, 2700, 1821, 164, -0.0411108480076589, -0.042007432927241, 0, 
1, 17, static/dist2road, 2700, 2800, 790, 56, -0.301370596284661, -0.303902789115751, 1, 
1, 17, static/dist2road, 2800, 3100, 2508, 176, -0.312210810837526, -0.320657168706184, 1, 
1, 17, static/dist2road, 3100, 3200, 885, 69, -0.198521108772142, -0.200471852193463, 0, 
1, 17, static/dist2road, 3200, 3300, 799, 56, -0.313557612387904, -0.316209291428437, 1, 
1, 17, static/dist2road, 3300, 3400, 794, 47, -0.494130841828053, -0.49799058725114, 1, 
1, 17, static/dist2road, 3400, 3500, 809, 40, -0.684424773797002, -0.689474050690641, 1, 
1, 17, static/dist2road, 3500, 3600, 708, 39, -0.570435672403876, -0.57428579937691, 1, 
1, 17, static/dist2road, 3600, 3900, 2282, 136, -0.486919295859886, -0.498049003653658, 1, 
1, 17, static/dist2road, 3900, 4500, 4363, 208, -0.722742885993525, -0.752043822971376, 1, 
1, 17, static/dist2road, 4500, 4600, 648, 12, -1.69850517195742, -1.70537103373521, 1, 
1, 17, static/dist2road, 4600, 4700, 702, 33, -0.737489757067043, -0.742108326700841, 1, 
1, 17, static/dist2road, 4700, 4800, 665, 24, -1.01318888497802, -1.01858768929973, 1, 
1, 17, static/dist2road, 4800, 6100, 8251, 194, -1.45465165711916, -1.54157751957683, 1, 
1, 17, static/dist2road, 6100, 6200, 601, 0, 0, 0, 0, 
1, 17, static/dist2road, 6200, 9500, 15328, 0, 0, 0, 0, 
1, 17, static/dist2road, 9500, 12400, 8734, 0, 0, 0, 0, 
1, 17, static/dist2road, 12400, 20500, 10186, 0, 0, 0, 0, 
1, 17, static/elevation, 0, 100, 955, 924, 5.66651160875124, 5.7914370967673, 1, 
1, 17, static/elevation, 100, 200, 2425, 2123, 4.22194518592309, 4.53357207825509, 1, 
1, 17, static/elevation, 200, 300, 4777, 1868, 1.82884570188829, 2.06184698063542, 1, 
1, 17, static/elevation, 300, 400, 6510, 1069, 0.644547506133826, 0.716834788273596, 1, 
1, 17, static/elevation, 400, 500, 6063, 584, 0.0330098428845169, 0.0356184269380302, 0, 
1, 17, static/elevation, 500, 600, 6150, 780, 0.342497473775433, 0.37401753523433, 1, 
1, 17, static/elevation, 600, 700, 7406, 326, -0.806345063726352, -0.86160084610379, 1, 
1, 17, static/elevation, 700, 2600, 49619, 170, -3.4011119357545, -4.42937442729432, 1, 
1, 17, static/population, 0, 100, 83619, 7558, -0.0371423034068027, 0, 0, 
1, 17, static/population, 100, 200, 256, 256, 0, 0, 0, 
1, 17, static/population, 200, 1400, 30, 30, 0, 0, 0, 
10, 16, distance/distance_to_1, 0, 200, 7336, 2357, -0.632080290545806, -0.759034021085117, 1, 
10, 16, distance/distance_to_1, 200, 300, 6183, 2486, -0.28108753370573, -0.32885636038472, 1, 
10, 16, distance/distance_to_1, 300, 400, 4261, 2010, 0.00251931330663484, 0.00280381465885131, 0, 
10, 16, distance/distance_to_1, 400, 800, 12647, 6607, 0.205484834261271, 0.294534147316434, 1, 
10, 16, distance/distance_to_1, 800, 5800, 11569, 6324, 0.302835830659211, 0.418624634343186, 1, 
10, 16, static/PlanningUnit, 0, 100, 41996, 19784, 0, 0, 0, 
10, 16, static/dist2deforest, 0, 200, 5813, 954, -1.51216510979737, -1.70961020351831, 1, 
10, 16, static/dist2deforest, 200, 300, 4020, 1383, -0.529627701528283, -0.583538623775899, 1, 
10, 16, static/dist2deforest, 300, 400, 2784, 1186, -0.182407393608304, -0.195250138209954, 1, 
10, 16, static/dist2deforest, 400, 600, 5030, 2377, 0.0059072663826999, 0.00671122760726277, 0, 
10, 16, static/dist2deforest, 600, 900, 5541, 2974, 0.262929099309206, 0.303018851738859, 1, 
10, 16, static/dist2deforest, 900, 1100, 3041, 1802, 0.490351709699386, 0.528457195174517, 1, 
10, 16, static/dist2deforest, 1100, 14700, 15767, 9108, 0.428942978233254, 0.689439139593153, 1, 
10, 16, static/dist2protect, 0, 2200, 2317, 169, -2.42663458754544, -2.51976115591669, 1, 
10, 16, static/dist2protect, 2200, 2300, 55, 15, -0.865070099851481, -0.866114075667968, 1, 
10, 16, static/dist2protect, 2300, 2400, 61, 12, -1.29115449516238, -1.2927562119898, 1, 
10, 16, static/dist2protect, 2400, 4600, 1190, 306, -0.945112807525017, -0.970136820787917, 1, 
10, 16, static/dist2protect, 4600, 4700, 51, 21, -0.240915790778487, -0.24120529741448, 0, 
10, 16, static/dist2protect, 4700, 4900, 131, 41, -0.670478450465712, -0.672464013287987, 1, 
10, 16, static/dist2protect, 4900, 6000, 815, 198, -1.02084284005061, -1.03895521209679, 1, 
10, 16, static/dist2protect, 6000, 6100, 86, 15, -1.43887052277886, -1.44131363677408, 1, 
10, 16, static/dist2protect, 6100, 6200, 72, 17, -1.05836068801601, -1.05998024812291, 1, 
10, 16, static/dist2protect, 6200, 8700, 2091, 613, -0.76432101241169, -0.801704021208928, 1, 
10, 16, static/dist2protect, 8700, 8800, 100, 38, -0.37378907215846, -0.374661668016819, 0, 
10, 16, static/dist2protect, 8800, 14900, 5899, 1822, -0.689667471839104, -0.795841267513242, 1, 
10, 16, static/dist2protect, 14900, 15400, 503, 182, -0.451675282892975, -0.456990444448616, 1, 
10, 16, static/dist2protect, 15400, 15500, 123, 58, 0.00181489381102801, 0.0018202252566888, 0, 
10, 16, static/dist2protect, 15500, 15700, 210, 84, -0.289705954947919, -0.291139820227168, 1, 
10, 16, static/dist2protect, 15700, 15800, 99, 31, -0.669761347530715, -0.671259299801565, 1, 
10, 16, static/dist2protect, 15800, 16000, 195, 74, -0.375966299232326, -0.377681287797152, 1, 
10, 16, static/dist2protect, 16000, 17400, 1335, 592, -0.111430256673508, -0.115072901183719, 1, 
10, 16, static/dist2protect, 17400, 17500, 109, 62, 0.392745936495279, 0.393766487621912, 1, 
10, 16, static/dist2protect, 17500, 37900, 19583, 11278, 0.421755335479978, 0.797616695984764, 1, 
10, 16, static/dist2protect, 37900, 38000, 62, 47, 1.25785655376809, 1.2595594984474, 1, 
10, 16, static/dist2protect, 38000, 52400, 5353, 3438, 0.700931437488294, 0.8016621571096, 1, 
10, 16, static/dist2protect, 52400, 52500, 31, 12, -0.343773176218194, -0.344022200982561, 0, 
10, 16, static/dist2protect, 52500, 52600, 37, 9, -1.01922077967874, -1.02002713817923, 1, 
10, 16, static/dist2protect, 52600, 52700, 34, 6, -1.4246858877869, -1.42564394148147, 1, 
10, 16, static/dist2protect, 52700, 52800, 34, 9, -0.905892094371736, -0.906563229415254, 1, 
10, 16, static/dist2protect, 52800, 52900, 31, 9, -0.778058722861851, -0.778594652731312, 1, 
10, 16, static/dist2protect, 52900, 53000, 29, 16, 0.32339851793849, 0.323622138910566, 0, 
10, 16, static/dist2protect, 53000, 53900, 197, 97, 0.0852999456755371, 0.0857027206626006, 0, 
10, 16, static/dist2protect, 53900, 54100, 38, 17, -0.0955499405069612, -0.0956361729931592, 0, 
10, 16, static/dist2protect, 54100, 54300, 50, 17, -0.547535064250019, -0.548162202766984, 0, 
10, 16, static/dist2protect, 54300, 54400, 33, 6, -1.38831824361603, -1.3892312207932, 1, 
10, 16, static/dist2protect, 54400, 54500, 23, 7, -0.710919420024222, -0.711286127060701, 0, 
10, 16, static/dist2protect, 54500, 54600, 31, 13, -0.209663247274382, -0.209816635948999, 0, 
10, 16, static/dist2protect, 54600, 54700, 29, 10, -0.526094733012149, -0.526444905806744, 0, 
10, 16, static/dist2protect, 54700, 54800, 26, 10, -0.35424447608549, -0.354459480257022, 0, 
10, 16, static/dist2protect, 54800, 55200, 91, 40, -0.127187025450144, -0.127461839118657, 0, 
10, 16, static/dist2protect, 55200, 55500, 75, 29, -0.345586413342375, -0.346192607012514, 0, 
10, 16, static/dist2protect, 55500, 56200, 110, 47, -0.177227971521228, -0.177689822708306, 0, 
10, 16, static/dist2protect, 56200, 56300, 18, 12, 0.808906333720191, 0.809242907747306, 0, 
10, 16, static/dist2protect, 56300, 56400, 21, 11, 0.211069332964571, 0.211175183976088, 0, 
10, 16, static/dist2protect, 56400, 56500, 20, 12, 0.52122426126841, 0.521470765491366, 0, 
10, 16, static/dist2protect, 56500, 56600, 16, 5, -0.672698207204025, -0.672940796254761, 0, 
10, 16, static/dist2protect, 56600, 56700, 18, 12, 0.808906333720191, 0.809242907747306, 0, 
10, 16, static/dist2protect, 56700, 57900, 191, 112, 0.464810171988319, 0.46692442137409, 1, 
10, 16, static/dist2protect, 57900, 58000, 27, 14, 0.189867125313968, 0.189989577789827, 0, 
10, 16, static/dist2protect, 58000, 58600, 74, 43, 0.442972064368662, 0.443751286493538, 0, 
10, 16, static/dist2protect, 58600, 58800, 24, 11, -0.0512949315029205, -0.0513242125832285, 0, 
10, 16, static/dist2protect, 58800, 58900, 9, 3, -0.5773880273997, -0.57750653896181, 0, 
10, 16, static/dist2protect, 58900, 59100, 10, 2, -1.27053520795964, -1.27079434160962, 0, 
10, 16, static/dist2protect, 59100, 59200, 9, 1, -1.96368238851959, -1.96399207189788, 0, 
10, 16, static/dist2protect, 59200, 59300, 13, 4, -0.695171063056083, -0.695374127527456, 0, 
10, 16, static/dist2protect, 59300, 59400, 17, 1, -2.65682956907954, -2.65749961282208, 1, 
10, 16, static/dist2protect, 59400, 59500, 14, 4, -0.800531578713909, -0.800779683158266, 0, 
10, 16, static/dist2protect, 59500, 59800, 50, 18, -0.459604991743316, -0.460136452935333, 0, 
10, 16, static/dist2protect, 59800, 59900, 6, 3, 0.115759153160246, 0.115775731095132, 0, 
10, 16, static/dist2protect, 59900, 60000, 1, 1, 0, 0, 0, 
10, 16, static/dist2protect, 60000, 60100, 4, 3, 1.21437144182836, 1.21447806929054, 0, 
10, 16, static/dist2protect, 60100, 60300, 8, 4, 0.115759153160246, 0.115781258129828, 0, 
10, 16, static/dist2protect, 60300, 60400, 9, 2, -1.13700381533512, -1.13721791306895, 0, 
10, 16, static/dist2protect, 60400, 60500, 13, 5, -0.35424447608549, -0.354351945217093, 0, 
10, 16, static/dist2protect, 60500, 60700, 22, 5, -1.10801627846187, -1.10852916213539, 1, 
10, 16, static/dist2protect, 60700, 60800, 13, 1, -2.36914749662775, -2.36963734395572, 1, 
10, 16, static/dist2protect, 60800, 60900, 5, 3, 0.52122426126841, 0.521285864980562, 0, 
10, 16, static/dist2protect, 60900, 61000, 7, 6, 1.9075186223883, 1.90777692203663, 0, 
10, 16, static/dist2protect, 61000, 61100, 12, 5, -0.220713083460967, -0.22077551667642, 0, 
10, 16, static/dist2protect, 61100, 61200, 7, 4, 0.403441225612027, 0.403508358386286, 0, 
10, 16, static/dist2protect, 61200, 61300, 4, 0, 0, 0, 0, 
10, 16, static/dist2protect, 61300, 61700, 7, 3, -0.171922919291535, -0.171951369161326, 0, 
10, 16, static/dist2protect, 61700, 61800, 1, 1, 0, 0, 0, 
10, 16, static/dist2protect, 61800, 62500, 7, 6, 1.9075186223883, 1.90777692203663, 0, 
10, 16, static/dist2road, 0, 100, 1094, 332, -0.715052433609912, -0.733036833937671, 1, 
10, 16, static/dist2road, 100, 300, 4188, 1560, -0.405778126200673, -0.449563779735829, 1, 
10, 16, static/dist2road, 300, 600, 5107, 2177, -0.18129548761632, -0.206179172778684, 1, 
10, 16, static/dist2road, 600, 900, 4281, 2060, 0.0405075910494449, 0.0451109568255619, 0, 
10, 16, static/dist2road, 900, 6900, 27326, 13655, 0.114588107136059, 0.330675446436229, 1, 
10, 16, static/elevation, 0, 100, 17235, 10844, 0.64448033412852, 1.09952376324978, 1, 
10, 16, static/elevation, 100, 200, 19202, 8274, -0.162451081628969, -0.298040664383256, 1, 
10, 16, static/elevation, 200, 300, 3673, 560, -1.59964623355217, -1.72192890748556, 1, 
10, 16, static/elevation, 300, 500, 1205, 100, -2.28667127480352, -2.33263181194901, 1, 
10, 16, static/elevation, 500, 600, 225, 1, -5.29588689869479, -5.30597218490258, 1, 
10, 16, static/elevation, 600, 2100, 456, 5, -4.38627027390833, -4.40653081905369, 1, 
10, 16, static/population, 0, 100, 38086, 17824, -0.0124421937263664, -0.133316447553383, 1, 
10, 16, static/population, 100, 1400, 3910, 1960, 0.120874253827016, 0.133316447553383, 1, 
10, 17, distance/distance_to_1, 0, 200, 6890, 1911, -0.39533814367724, -0.485495942855715, 1, 
10, 17, distance/distance_to_1, 200, 400, 8778, 2830, -0.180514058218093, -0.239161440201209, 1, 
10, 17, distance/distance_to_1, 400, 500, 2753, 1007, 0.0119124150436843, 0.0129352898863903, 0, 
10, 17, distance/distance_to_1, 500, 2000, 14877, 6096, 0.197306780731156, 0.351160174441839, 1, 
10, 17, distance/distance_to_1, 2000, 2100, 189, 105, 0.785407810038879, 0.789947986341272, 1, 
10, 17, distance/distance_to_1, 2100, 5800, 1384, 710, 0.614299117847724, 0.641206083162126, 1, 
10, 17, static/PlanningUnit, 0, 100, 34871, 12659, 0, 0, 0, 
10, 17, static/dist2deforest, 0, 200, 5484, 625, -1.48857202594483, -1.68480685935929, 1, 
10, 17, static/dist2deforest, 200, 300, 3380, 743, -0.704436882910858, -0.770329934609697, 1, 
10, 17, static/dist2deforest, 300, 400, 2214, 616, -0.390996904068031, -0.415774284456442, 1, 
10, 17, static/dist2deforest, 400, 600, 3955, 1302, -0.149525272644556, -0.168188286723354, 1, 
10, 17, static/dist2deforest, 600, 800, 3058, 1226, 0.160612829986751, 0.176398688496827, 1, 
10, 17, static/dist2deforest, 800, 1500, 6648, 2958, 0.341151164960842, 0.425617148005103, 1, 
10, 17, static/dist2deforest, 1500, 3400, 7183, 3535, 0.530798485861121, 0.678850144093239, 1, 
10, 17, static/dist2deforest, 3400, 3500, 143, 85, 0.944472504668567, 0.948595123077769, 1, 
10, 17, static/dist2deforest, 3500, 14900, 2806, 1569, 0.800013639065214, 0.875036831331539, 1, 
10, 17, static/dist2protect, 0, 100, 1209, 160, -1.3181545344378, -1.35381306039224, 1, 
10, 17, static/dist2protect, 100, 600, 411, 73, -0.970322195609958, -0.979872822526335, 1, 
10, 17, static/dist2protect, 600, 700, 76, 25, -0.150685549131456, -0.151007413117923, 0, 
10, 17, static/dist2protect, 700, 1300, 479, 180, 0.0547775362241935, 0.0555461139870731, 0, 
10, 17, static/dist2protect, 1300, 1400, 82, 35, 0.267464718504025, 0.268115163872854, 0, 
10, 17, static/dist2protect, 1400, 1500, 58, 17, -0.318094463923422, -0.318598198088126, 0, 
10, 17, static/dist2protect, 1500, 1800, 181, 65, -0.016938662486058, -0.0170268346103421, 0, 
10, 17, static/dist2protect, 1800, 2100, 221, 63, -0.357196047910764, -0.359345618537725, 1, 
10, 17, static/dist2protect, 2100, 2300, 136, 47, -0.0762245092974116, -0.076519718377046, 0, 
10, 17, static/dist2protect, 2300, 2500, 140, 41, -0.319283524705613, -0.320506478503638, 0, 
10, 17, static/dist2protect, 2500, 2600, 76, 26, -0.0916622086819944, -0.0918597947404306, 0, 
10, 17, static/dist2protect, 2600, 2900, 248, 102, 0.203630450300604, 0.205125874907222, 0, 
10, 17, static/dist2protect, 2900, 5100, 1314, 457, -0.0664902689789055, -0.069068496139806, 0, 
10, 17, static/dist2protect, 5100, 5200, 62, 16, -0.493788415524644, -0.494596793225613, 0, 
10, 17, static/dist2protect, 5200, 5300, 61, 11, -0.951863473905106, -0.953247722022813, 1, 
10, 17, static/dist2protect, 5300, 5400, 76, 20, -0.467355158456489, -0.46829834867529, 0, 
10, 17, static/dist2protect, 5400, 5500, 68, 14, -0.787662458224346, -0.788989991972463, 1, 
10, 17, static/dist2protect, 5500, 5600, 80, 21, -0.470750747457627, -0.471750227033021, 0, 
10, 17, static/dist2protect, 5600, 5700, 73, 12, -1.06370295566064, -1.06550460508423, 1, 
10, 17, static/dist2protect, 5700, 5900, 150, 29, -0.866230456885598, -0.869399366212619, 1, 
10, 17, static/dist2protect, 5900, 6100, 186, 44, -0.60937316495833, -0.612304785507376, 1, 
10, 17, static/dist2protect, 6100, 6300, 143, 28, -0.850463359463377, -0.853439875276916, 1, 
10, 17, static/dist2protect, 6300, 7100, 630, 146, -0.636214026283626, -0.646644637514928, 1, 
10, 17, static/dist2protect, 7100, 7400, 200, 58, -0.333119788330172, -0.334941002673752, 1, 
10, 17, static/dist2protect, 7400, 7500, 59, 23, 0.114239536197709, 0.114436017540694, 0, 
10, 17, static/dist2protect, 7500, 7600, 50, 24, 0.482221551051133, 0.482948010802774, 0, 
10, 17, static/dist2protect, 7600, 7700, 52, 14, -0.436264571386458, -0.436870278882896, 0, 
10, 17, static/dist2protect, 7700, 7800, 59, 12, -0.802976693197389, -0.804146516622881, 1, 
10, 17, static/dist2protect, 7800, 7900, 82, 13, -1.10689288841105, -1.10897668731612, 1, 
10, 17, static/dist2protect, 7900, 8000, 104, 20, -0.872820266564653, -0.875028022031909, 1, 
10, 17, static/dist2protect, 8000, 8600, 547, 125, -0.654427318009041, -0.663685379579666, 1, 
10, 17, static/dist2protect, 8600, 8700, 85, 15, -0.978180782222479, -0.980151577863245, 1, 
10, 17, static/dist2protect, 8700, 10200, 1067, 228, -0.740600818788096, -0.76092998712867, 1, 
10, 17, static/dist2protect, 10200, 10300, 61, 17, -0.388712031137376, -0.389351086351475, 0, 
10, 17, static/dist2protect, 10300, 11600, 800, 191, -0.597280580938597, -0.609878007633518, 1, 
10, 17, static/dist2protect, 11600, 11700, 75, 15, -0.824030102395221, -0.825549369604601, 1, 
10, 17, static/dist2protect, 11700, 11800, 80, 13, -1.07747900320476, -1.07947248419069, 1, 
10, 17, static/dist2protect, 11800, 12000, 178, 39, -0.708648028276376, -0.711840001955038, 1, 
10, 17, static/dist2protect, 12000, 12100, 89, 28, -0.216405095273438, -0.216940821591021, 0, 
10, 17, static/dist2protect, 12100, 12200, 85, 22, -0.489828014308547, -0.490928943064622, 1, 
10, 17, static/dist2protect, 12200, 12300, 81, 9, -1.51717728295517, -1.51971282957287, 1, 
10, 17, static/dist2protect, 12300, 12500, 184, 28, -1.15538723834966, -1.16022093314468, 1, 
10, 17, static/dist2protect, 12500, 12600, 93, 21, -0.669879422567963, -0.671465902363405, 1, 
10, 17, static/dist2protect, 12600, 13400, 885, 241, -0.420637533889029, -0.430838090826503, 1, 
10, 17, static/dist2protect, 13400, 13500, 137, 47, -0.0873978098955369, -0.0877382218229584, 0, 
10, 17, static/dist2protect, 13500, 13600, 123, 33, -0.441037850139115, -0.442487700329156, 1, 
10, 17, static/dist2protect, 13600, 14200, 639, 139, -0.71786990656683, -0.729596427870939, 1, 
10, 17, static/dist2protect, 14200, 14700, 549, 140, -0.509808474708828, -0.517272648705112, 1, 
10, 17, static/dist2protect, 14700, 14800, 141, 29, -0.788938782583951, -0.791700369147313, 1, 
10, 17, static/dist2protect, 14800, 15100, 357, 90, -0.525174729345315, -0.530133129872488, 1, 
10, 17, static/dist2protect, 15100, 15200, 95, 29, -0.260094653315282, -0.260776955126435, 0, 
10, 17, static/dist2protect, 15200, 15300, 101, 46, 0.383572469981294, 0.384733656804707, 0, 
10, 17, static/dist2protect, 15300, 62500, 21653, 9318, 0.281771522137954, 0.803445921964656, 1, 
10, 17, static/dist2road, 0, 100, 1192, 430, -0.00989708827436863, -0.010246881832245, 0, 
10, 17, static/dist2road, 100, 6900, 33679, 12229, 0.000349793557876326, 0.010246881832245, 0, 
10, 17, static/elevation, 0, 100, 11252, 4861, 0.288617686119843, 0.433824308301695, 1, 
10, 17, static/elevation, 100, 200, 15545, 4617, -0.299318900578913, -0.522875174638915, 1, 
10, 17, static/elevation, 200, 300, 5419, 2306, 0.262191789112066, 0.312287175264438, 1, 
10, 17, static/elevation, 300, 700, 2260, 850, 0.0561556248368178, 0.0600785494239451, 0, 
10, 17, static/elevation, 700, 800, 90, 11, -1.40928832094398, -1.41198197211591, 1, 
10, 17, static/elevation, 800, 1000, 89, 7, -1.89854483948427, -1.90169024958938, 1, 
10, 17, static/elevation, 1000, 1400, 148, 7, -2.44058548259819, -2.44640051714802, 1, 
10, 17, static/elevation, 1400, 1500, 37, 0, 0, 0, 0, 
10, 17, static/elevation, 1500, 2100, 31, 0, 0, 0, 0, 
10, 17, static/population, 0, 100, 31234, 10972, -0.0511363788314593, -0.468523068544305, 1, 
10, 17, static/population, 100, 200, 2733, 1270, 0.420792037157182, 0.458377853884613, 1, 
10, 17, static/population, 200, 1400, 904, 417, 0.407086357440881, 0.418413107438789, 1, 
16, 10, distance/distance_to_1, 0, 200, 8633, 686, 0.119849914961686, 0.133778752483799, 1, 
16, 10, distance/distance_to_1, 200, 5600, 78677, 5524, -0.0139288375221133, -0.133778752483799, 1, 
16, 10, static/PlanningUnit, 0, 100, 87310, 6210, 0, 0, 0, 
16, 10, static/dist2deforest, 0, 200, 5980, 259, -0.525548767393011, -0.556101383599046, 1, 
16, 10, static/dist2deforest, 200, 300, 5683, 320, -0.249435738013173, -0.264946988352796, 1, 
16, 10, static/dist2deforest, 300, 400, 4325, 289, -0.0670606281850876, -0.0704518014553841, 0, 
16, 10, static/dist2deforest, 400, 600, 8531, 676, 0.116809590529222, 0.130186630170242, 1, 
16, 10, static/dist2deforest, 600, 14900, 62791, 4666, 0.0472283748676977, 0.177736526330884, 1, 
16, 10, static/dist2protect, 0, 100, 1939, 93, -0.418654856733562, -0.426590817500188, 1, 
16, 10, static/dist2protect, 100, 200, 81, 16, 1.16772351752012, 1.16950153090322, 1, 
16, 10, static/dist2protect, 200, 500, 192, 24, 0.623611916120666, 0.625410472598757, 1, 
16, 10, static/dist2protect, 500, 600, 96, 9, 0.300838523857616, 0.301215524935738, 0, 
16, 10, static/dist2protect, 600, 700, 71, 8, 0.505828880464283, 0.506340835109093, 0, 
16, 10, static/dist2protect, 700, 800, 66, 12, 1.06544466839971, 1.0667128385703, 1, 
16, 10, static/dist2protect, 800, 1800, 657, 93, 0.767067306831177, 0.775177750821892, 1, 
16, 10, static/dist2protect, 1800, 2000, 122, 14, 0.526448167667019, 0.52737256429913, 0, 
16, 10, static/dist2protect, 2000, 2100, 56, 11, 1.16075484820403, 1.1619727309018, 1, 
16, 10, static/dist2protect, 2100, 2200, 71, 9, 0.639612257467108, 0.640297803388499, 0, 
16, 10, static/dist2protect, 2200, 2300, 70, 6, 0.202398451044363, 0.202575640934796, 0, 
16, 10, static/dist2protect, 2300, 2400, 55, 2, -0.707622667816197, -0.707954282565223, 0, 
16, 10, static/dist2protect, 2400, 2500, 61, 10, 0.9402815254457, 0.94126407826132, 1, 
16, 10, static/dist2protect, 2500, 3900, 1062, 137, 0.65970925349168, 0.67054621697948, 1, 
16, 10, static/dist2protect, 3900, 4000, 100, 9, 0.255887135995349, 0.256214761062796, 0, 
16, 10, static/dist2protect, 4000, 4200, 187, 23, 0.605149853280931, 0.606836190459689, 1, 
16, 10, static/dist2protect, 4200, 4500, 314, 32, 0.393350897037593, 0.395033950359441, 1, 
16, 10, static/dist2protect, 4500, 4600, 100, 6, -0.182013247865969, -0.182206332353077, 0, 
16, 10, static/dist2protect, 4600, 4700, 96, 11, 0.524766081484034, 0.525490350301236, 0, 
16, 10, static/dist2protect, 4700, 4800, 73, 16, 1.29905951958121, 1.30093625086564, 1, 
16, 10, static/dist2protect, 4800, 4900, 60, 9, 0.834921009787873, 0.835742285286799, 1, 
16, 10, static/dist2protect, 4900, 5100, 115, 13, 0.509498609353246, 0.510335703206873, 0, 
16, 10, static/dist2protect, 5100, 10700, 5885, 559, 0.315315771957201, 0.341716412025603, 1, 
16, 10, static/dist2protect, 10700, 10800, 98, 3, -0.885742537756451, -0.886431409201565, 0, 
16, 10, static/dist2protect, 10800, 10900, 94, 4, -0.543993244034395, -0.544459271394163, 0, 
16, 10, static/dist2protect, 10900, 11000, 102, 3, -0.9269854962905, -0.927723748622752, 0, 
16, 10, static/dist2protect, 11000, 11300, 349, 13, -0.682639737325688, -0.68469578479351, 1, 
16, 10, static/dist2protect, 11300, 11400, 125, 10, 0.127175029806775, 0.12736762491811, 0, 
16, 10, static/dist2protect, 11400, 11600, 261, 13, -0.378957323527466, -0.379924369798664, 0, 
16, 10, static/dist2protect, 11600, 11700, 124, 8, -0.104626584250549, -0.104768865808335, 0, 
16, 10, static/dist2protect, 11700, 11800, 122, 6, -0.39230865670233, -0.392773362896151, 0, 
16, 10, static/dist2protect, 11800, 11900, 137, 3, -1.22970544610682, -1.23087588524929, 1, 
16, 10, static/dist2protect, 11900, 12000, 140, 8, -0.233838315730555, -0.234178186698192, 0, 
16, 10, static/dist2protect, 12000, 12200, 266, 19, 0.00457270771444316, 0.0045867090874742, 0, 
16, 10, static/dist2protect, 12200, 12300, 112, 5, -0.493868856851826, -0.494383609499426, 0, 
16, 10, static/dist2protect, 12300, 12400, 130, 3, -1.1760527326145, -1.1771367194508, 1, 
16, 10, static/dist2protect, 12400, 12500, 118, 4, -0.780382022098625, -0.781144353072996, 0, 
16, 10, static/dist2protect, 12500, 12600, 135, 8, -0.195223479602775, -0.195501599685811, 0, 
16, 10, static/dist2protect, 12600, 12700, 134, 12, 0.250407670230724, 0.250836458532053, 0, 
16, 10, static/dist2protect, 12700, 13100, 529, 39, 0.0386783202009539, 0.0389180669815538, 0, 
16, 10, static/dist2protect, 13100, 13300, 269, 26, 0.334557159856913, 0.335751945757669, 0, 
16, 10, static/dist2protect, 13300, 13400, 153, 19, 0.616121244391509, 0.617531868143466, 1, 
16, 10, static/dist2protect, 13400, 13500, 130, 13, 0.37229748783976, 0.372949374785875, 0, 
16, 10, static/dist2protect, 13500, 13600, 133, 5, -0.673070286309537, -0.673844354242756, 0, 
16, 10, static/dist2protect, 13600, 14000, 540, 28, -0.336598049688324, -0.338412203520566, 0, 
16, 10, static/dist2protect, 14000, 14200, 314, 13, -0.572638842111359, -0.57426162205447, 1, 
16, 10, static/dist2protect, 14200, 14500, 501, 25, -0.377019964187239, -0.378872663269428, 0, 
16, 10, static/dist2protect, 14500, 14600, 131, 9, -0.0372744022210574, -0.0373295239219124, 0, 
16, 10, static/dist2protect, 14600, 14800, 253, 13, -0.346167500704475, -0.3470356056478, 0, 
16, 10, static/dist2protect, 14800, 14900, 150, 11, 0.0329434048436587, 0.0330009081894255, 0, 
16, 10, static/dist2protect, 14900, 15000, 138, 4, -0.942023373655041, -0.943032691392177, 0, 
16, 10, static/dist2protect, 15000, 15100, 137, 8, -0.210848797505856, -0.211151617485154, 0, 
16, 10, static/dist2protect, 15100, 15400, 429, 31, 0.0170572643766884, 0.0171421112381318, 0, 
16, 10, static/dist2protect, 15400, 15800, 693, 42, -0.171317958749221, -0.172591216905887, 0, 
16, 10, static/dist2protect, 15800, 15900, 183, 6, -0.814868198169794, -0.816086423394742, 1, 
16, 10, static/dist2protect, 15900, 16000, 171, 8, -0.444786593950947, -0.445509405536586, 0, 
16, 10, static/dist2protect, 16000, 16100, 172, 13, 0.0655672204172851, 0.0657003454634729, 0, 
16, 10, static/dist2protect, 16100, 16200, 186, 20, 0.453266550373428, 0.454443406216541, 0, 
16, 10, static/dist2protect, 16200, 17000, 1392, 125, 0.253428622157142, 0.258016783350471, 1, 
16, 10, static/dist2protect, 17000, 17100, 189, 10, -0.315278647670729, -0.315876634790238, 0, 
16, 10, static/dist2protect, 17100, 17200, 184, 12, -0.0930657618494729, -0.0932546159034545, 0, 
16, 10, static/dist2protect, 17200, 17300, 185, 20, 0.45930886482939, 0.46049807634283, 0, 
16, 10, static/dist2protect, 17300, 18200, 1536, 133, 0.213503113295273, 0.217701838899469, 1, 
16, 10, static/dist2protect, 18200, 18500, 596, 43, 0.0153641793472075, 0.0154704831434237, 0, 
16, 10, static/dist2protect, 18500, 18600, 209, 11, -0.320849692720185, -0.321521200978219, 0, 
16, 10, static/dist2protect, 18600, 18700, 212, 15, -0.00563146245979858, -0.00564513652169461, 0, 
16, 10, static/dist2protect, 18700, 19100, 797, 75, 0.304985039819464, 0.308193403380711, 1, 
16, 10, static/dist2protect, 19100, 19200, 207, 24, 0.538089742682505, 0.539702941202956, 1, 
16, 10, static/dist2protect, 19200, 19500, 549, 52, 0.312175757660778, 0.314437512646067, 1, 
16, 10, static/dist2protect, 19500, 19600, 176, 10, -0.239880630186518, -0.240317979697946, 0, 
16, 10, static/dist2protect, 19600, 19700, 196, 15, 0.0790752350123642, 0.0792593090941339, 0, 
16, 10, static/dist2protect, 19700, 19800, 200, 26, 0.668563303982933, 0.670611084378582, 1, 
16, 10, static/dist2protect, 19800, 19900, 193, 18, 0.29510784914863, 0.295850447497533, 0, 
16, 10, static/dist2protect, 19900, 20200, 564, 65, 0.531303239320098, 0.535653487509628, 1, 
16, 10, static/dist2protect, 20200, 20500, 652, 62, 0.316533913321306, 0.319266422780866, 1, 
16, 10, static/dist2protect, 20500, 20600, 200, 25, 0.623611916120666, 0.625485644912543, 1, 
16, 10, static/dist2protect, 20600, 20700, 197, 33, 0.966163198818262, 0.969467135832109, 1, 
16, 10, static/dist2protect, 20700, 20900, 406, 51, 0.62922990842489, 0.633089457225034, 1, 
16, 10, static/dist2protect, 20900, 21600, 1166, 119, 0.394961347416972, 0.401315925704279, 1, 
16, 10, static/dist2protect, 21600, 21700, 171, 9, -0.320849692720185, -0.321398897782953, 0, 
16, 10, static/dist2protect, 21700, 21800, 192, 18, 0.300838523857616, 0.30159347925096, 0, 
16, 10, static/dist2protect, 21800, 21900, 205, 23, 0.501009594028334, 0.502473508528947, 1, 
16, 10, static/dist2protect, 21900, 22000, 205, 16, 0.100363772356119, 0.100610410784191, 0, 
16, 10, static/dist2protect, 22000, 22600, 1249, 118, 0.309349213525524, 0.314489772892985, 1, 
16, 10, static/dist2protect, 22600, 23200, 1316, 150, 0.518822992361798, 0.528792421278689, 1, 
16, 10, static/dist2protect, 23200, 23400, 452, 41, 0.264500917384053, 0.26604436065476, 0, 
16, 10, static/dist2protect, 23400, 23500, 231, 29, 0.628550197761249, 0.630737163788126, 1, 
16, 10, static/dist2protect, 23500, 23800, 671, 70, 0.419422372690131, 0.423320327342211, 1, 
16, 10, static/dist2protect, 23800, 23900, 220, 33, 0.834921009787873, 0.837940731265575, 1, 
16, 10, static/dist2protect, 23900, 24900, 1964, 231, 0.554330485982167, 0.57063775563931, 1, 
16, 10, static/dist2protect, 24900, 25000, 146, 11, 0.0621425595359208, 0.0622494681655928, 0, 
16, 10, static/dist2protect, 25000, 25100, 142, 15, 0.433385179819599, 0.434236365333714, 0, 
16, 10, static/dist2protect, 25100, 29200, 8003, 705, 0.232364250991856, 0.258571247151456, 1, 
16, 10, static/dist2protect, 29200, 29300, 209, 5, -1.13916001623414, -1.14087312098235, 1, 
16, 10, static/dist2protect, 29300, 29400, 179, 10, -0.257791556753048, -0.258265974191456, 0, 
16, 10, static/dist2protect, 29400, 29500, 191, 20, 0.423590782227311, 0.424705857428751, 0, 
16, 10, static/dist2protect, 29500, 29700, 415, 54, 0.669628153407373, 0.673900602168127, 1, 
16, 10, static/dist2protect, 29700, 30000, 624, 67, 0.451649444639662, 0.455605360583627, 1, 
16, 10, static/dist2protect, 30000, 30100, 211, 8, -0.664242372185971, -0.665459517481641, 0, 
16, 10, static/dist2protect, 30100, 30200, 221, 12, -0.287905537000831, -0.288551692121372, 0, 
16, 10, static/dist2protect, 30200, 30300, 234, 2, -2.18406812593038, -2.1866107782352, 1, 
16, 10, static/dist2protect, 30300, 30400, 237, 9, -0.662598986442242, -0.663963963134206, 0, 
16, 10, static/dist2protect, 30400, 30500, 227, 11, -0.407861069709815, -0.408755094132094, 0, 
16, 10, static/dist2protect, 30500, 30800, 733, 45, -0.157604282987044, -0.158851066000297, 0, 
16, 10, static/dist2protect, 30800, 31000, 451, 19, -0.55446454390169, -0.55674126733717, 1, 
16, 10, static/dist2protect, 31000, 31100, 232, 7, -0.900668187973127, -0.902318546319023, 1, 
16, 10, static/dist2protect, 31100, 31200, 248, 11, -0.500642803160781, -0.501796492369646, 0, 
16, 10, static/dist2protect, 31200, 31300, 233, 7, -0.905102785040993, -0.906765508223766, 1, 
16, 10, static/dist2protect, 31300, 31400, 249, 18, 0.017476112550351, 0.0175264725933057, 0, 
16, 10, static/dist2protect, 31400, 31500, 242, 14, -0.220766234163202, -0.221324564042048, 0, 
16, 10, static/dist2protect, 31500, 31600, 221, 10, -0.479750975306041, -0.48074448804717, 0, 
16, 10, static/dist2protect, 31600, 31700, 205, 7, -0.772834816463242, -0.774151381992474, 1, 
16, 10, static/dist2protect, 31700, 31800, 237, 12, -0.36167168724044, -0.362515658960912, 0, 
16, 10, static/dist2protect, 31800, 32200, 813, 49, -0.177225425879914, -0.178768753795978, 0, 
16, 10, static/dist2protect, 32200, 32600, 858, 44, -0.348248666908299, -0.351225801997331, 1, 
16, 10, static/dist2protect, 32600, 32700, 219, 16, 0.0289048083739738, 0.02897840220555, 0, 
16, 10, static/dist2protect, 32700, 33000, 662, 40, -0.174538573449263, -0.175775621394531, 0, 
16, 10, static/dist2protect, 33000, 33500, 1192, 59, -0.385564751946307, -0.390087437776165, 1, 
16, 10, static/dist2protect, 33500, 33600, 253, 5, -1.3344687685549, -1.3367259295027, 1, 
16, 10, static/dist2protect, 33600, 33700, 244, 9, -0.69283887163196, -0.694290408603939, 1, 
16, 10, static/dist2protect, 33700, 34100, 900, 46, -0.351767732123495, -0.354918798226244, 1, 
16, 10, static/dist2protect, 34100, 34200, 190, 13, -0.0416783099363126, -0.0417675938269385, 0, 
16, 10, static/dist2protect, 34200, 34300, 218, 21, 0.330840774161414, 0.331796092423399, 0, 
16, 10, static/dist2protect, 34300, 34400, 217, 15, -0.0306954311230149, -0.0307709095001079, 0, 
16, 10, static/dist2protect, 34400, 34500, 219, 18, 0.156588915013069, 0.157010176598281, 0, 
16, 10, static/dist2protect, 34500, 34600, 221, 12, -0.287905537000831, -0.288551692121372, 0, 
16, 10, static/dist2protect, 34600, 34700, 199, 22, 0.484414785960467, 0.485778873338992, 1, 
16, 10, static/dist2protect, 34700, 34800, 183, 9, -0.39230865670233, -0.3930061343893, 0, 
16, 10, static/dist2protect, 34800, 34900, 189, 7, -0.688574472845502, -0.689693287787018, 0, 
16, 10, static/dist2protect, 34900, 35000, 204, 14, -0.0384446773692477, -0.0385332392801015, 0, 
16, 10, static/dist2protect, 35000, 35100, 226, 13, -0.226820743071909, -0.227354993288398, 0, 
16, 10, static/dist2protect, 35100, 35200, 239, 22, 0.280667164993836, 0.281536833119492, 0, 
16, 10, static/dist2protect, 35200, 35300, 243, 15, -0.151773362676251, -0.15217028508158, 0, 
16, 10, static/dist2protect, 35300, 35400, 256, 19, 0.045900903207289, 0.046038578181111, 0, 
16, 10, static/dist2protect, 35400, 37000, 3929, 247, -0.132300959989066, -0.138177423608251, 1, 
16, 10, static/dist2protect, 37000, 37100, 239, 4, -1.50376908784829, -1.50602662147872, 1, 
16, 10, static/dist2protect, 37100, 37200, 221, 2, -2.12640248408058, -2.12878439350565, 1, 
16, 10, static/dist2protect, 37200, 37400, 467, 10, -1.25257623272418, -1.25661558393919, 1, 
16, 10, static/dist2protect, 37400, 37500, 264, 15, -0.239880630186518, -0.240537255913181, 0, 
16, 10, static/dist2protect, 37500, 37600, 257, 9, -0.746682103652783, -0.748294415311752, 1, 
16, 10, static/dist2protect, 37600, 37700, 245, 5, -1.30167894573191, -1.30383716535184, 1, 
16, 10, static/dist2protect, 37700, 37800, 240, 3, -1.79992578729104, -1.80236917521164, 1, 
16, 10, static/dist2protect, 37800, 39500, 3419, 62, -1.42214654675896, -1.45438692275943, 1, 
16, 10, static/dist2protect, 39500, 39600, 131, 5, -0.657321929341398, -0.658071297683394, 0, 
16, 10, static/dist2protect, 39600, 39900, 349, 9, -1.06219897509801, -1.06494981619709, 1, 
16, 10, static/dist2protect, 39900, 40000, 115, 0, 0, 0, 0, 
16, 10, static/dist2protect, 40000, 40100, 100, 3, -0.906576624659293, -0.907290186243167, 0, 
16, 10, static/dist2protect, 40100, 40200, 116, 2, -1.47352920265857, -1.47461375048767, 1, 
16, 10, static/dist2protect, 40200, 40300, 114, 4, -0.744663939496546, -0.745376880437816, 0, 
16, 10, static/dist2protect, 40300, 40400, 125, 2, -1.54951510963649, -1.55071079395984, 1, 
16, 10, static/dist2protect, 40400, 40600, 292, 7, -1.13705696603736, -1.13944948534255, 1, 
16, 10, static/dist2protect, 40600, 40700, 158, 6, -0.662598986442242, -0.663508323723101, 0, 
16, 10, static/dist2protect, 40700, 40900, 312, 8, -1.06806409455041, -1.0705305210535, 1, 
16, 10, static/dist2protect, 40900, 41000, 158, 1, -2.48672374017233, -2.488500454478, 1, 
16, 10, static/dist2protect, 41000, 41100, 152, 4, -1.04139584746824, -1.04257809224295, 1, 
16, 10, static/dist2protect, 41100, 43000, 2322, 76, -0.816650729836078, -0.832421819349034, 1, 
16, 10, static/dist2protect, 43000, 43100, 102, 2, -1.34250094025217, -1.34341263363662, 0, 
16, 10, static/dist2protect, 43100, 43400, 302, 8, -1.03461616048287, -1.03695882614126, 1, 
16, 10, static/dist2protect, 43400, 43500, 86, 5, -0.215489177062358, -0.215682965827984, 0, 
16, 10, static/dist2protect, 43500, 43600, 96, 7, 0.0267958444991533, 0.026825681253447, 0, 
16, 10, static/dist2protect, 43600, 43700, 94, 3, -0.842725152672761, -0.843364645669089, 0, 
16, 10, static/dist2protect, 43700, 43800, 97, 0, 0, 0, 0, 
16, 10, static/dist2protect, 43800, 44100, 357, 3, -2.20116255928968, -2.20505388662506, 1, 
16, 10, static/dist2protect, 44100, 44200, 132, 2, -1.60486520471966, -1.60614733707853, 1, 
16, 10, static/dist2protect, 44200, 44300, 138, 5, -0.711389150611674, -0.712224970192138, 0, 
16, 10, static/dist2protect, 44300, 44400, 136, 6, -0.506252916051548, -0.506890510843797, 0, 
16, 10, static/dist2protect, 44400, 44500, 108, 7, -0.0996883026099663, -0.0998066048597087, 0, 
16, 10, static/dist2protect, 44500, 44700, 203, 9, -0.501111516551129, -0.50205616414395, 0, 
16, 10, static/dist2protect, 44700, 44800, 101, 3, -0.916833124826482, -0.917559031708341, 0, 
16, 10, static/dist2protect, 44800, 44900, 116, 5, -0.530570223702254, -0.531134364553492, 0, 
16, 10, static/dist2protect, 44900, 53300, 8307, 427, -0.34577710444732, -0.376753141107291, 1, 
16, 10, static/dist2protect, 53300, 53400, 70, 2, -0.956838459440182, -0.957355169112583, 0, 
16, 10, static/dist2protect, 53400, 53500, 70, 5, 0.00457270771444316, 0.00457638399197568, 0, 
16, 10, static/dist2protect, 53500, 53600, 74, 7, 0.310739594840327, 0.311040962785349, 0, 
16, 10, static/dist2protect, 53600, 53700, 73, 12, 0.943554850790669, 0.944736646528037, 1, 
16, 10, static/dist2protect, 53700, 53800, 68, 7, 0.404558350057982, 0.404933759169926, 0, 
16, 10, static/dist2protect, 53800, 53900, 68, 5, 0.0358252512185475, 0.0358536078850441, 0, 
16, 10, static/dist2protect, 53900, 54000, 69, 6, 0.218146808012502, 0.218336338021277, 0, 
16, 10, static/dist2protect, 54000, 54100, 70, 10, 0.777762595947925, 0.778634098661327, 1, 
16, 10, static/dist2protect, 54100, 54200, 71, 15, 1.25222057554304, 1.25394821234986, 1, 
16, 10, static/dist2protect, 54200, 55000, 573, 90, 0.889315081853672, 0.897940465540086, 1, 
16, 10, static/dist2protect, 55000, 55100, 90, 6, -0.0695352644392788, -0.0696049088995672, 0, 
16, 10, static/dist2protect, 55100, 55300, 118, 10, 0.189975931045806, 0.190254958181494, 0, 
16, 10, static/dist2protect, 55300, 55500, 116, 7, -0.175915667997851, -0.17613274177678, 0, 
16, 10, static/dist2protect, 55500, 55700, 140, 6, -0.536558265546876, -0.537245262572117, 0, 
16, 10, static/dist2protect, 55700, 55800, 66, 1, -1.60486520471966, -1.60550596216831, 0, 
16, 10, static/dist2protect, 55800, 55900, 63, 3, -0.426210208378011, -0.426467101045079, 0, 
16, 10, static/dist2protect, 55900, 56000, 56, 5, 0.247134344885754, 0.24731077109585, 0, 
16, 10, static/dist2protect, 56000, 56100, 62, 7, 0.508099028998822, 0.508548473796001, 0, 
16, 10, static/dist2protect, 56100, 56200, 60, 4, -0.0695352644392788, -0.0695816785775423, 0, 
16, 10, static/dist2protect, 56200, 56300, 53, 8, 0.842301117085496, 0.843035167824795, 1, 
16, 10, static/dist2protect, 56300, 56400, 46, 3, -0.0930657618494729, -0.0931129035641807, 0, 
16, 10, static/dist2protect, 56400, 56500, 49, 4, 0.149153936525551, 0.149243241916919, 0, 
16, 10, static/dist2protect, 56500, 56600, 56, 3, -0.302157559708032, -0.302328079007657, 0, 
16, 10, static/dist2protect, 56600, 56700, 68, 2, -0.9269854962905, -0.927477524660222, 0, 
16, 10, static/dist2protect, 56700, 56800, 67, 4, -0.187318300095662, -0.187451090798784, 0, 
16, 10, static/dist2protect, 56800, 56900, 70, 3, -0.536558265546876, -0.53690153904239, 0, 
16, 10, static/dist2protect, 56900, 57000, 76, 6, 0.112786292354676, 0.112889438337038, 0, 
16, 10, static/dist2protect, 57000, 57100, 71, 4, -0.248876193095096, -0.249058345185282, 0, 
16, 10, static/dist2protect, 57100, 57200, 74, 5, -0.0551465269871792, -0.055192213315015, 0, 
16, 10, static/dist2protect, 57200, 57300, 73, 2, -1.00001063130539, -1.00056436407404, 0, 
16, 10, static/dist2protect, 57300, 57400, 88, 1, -1.8963860534786, -1.8972983354155, 0, 
16, 10, static/dist2protect, 57400, 57500, 91, 0, 0, 0, 0, 
16, 10, static/dist2protect, 57500, 57600, 87, 1, -1.88482523107753, -1.88572516939268, 0, 
16, 10, static/dist2protect, 57600, 57800, 163, 4, -1.11308777592436, -1.11440591292439, 1, 
16, 10, static/dist2protect, 57800, 57900, 65, 3, -0.459000031201002, -0.459281603343385, 0, 
16, 10, static/dist2protect, 57900, 58000, 67, 1, -1.62013267685045, -1.620785774722, 0, 
16, 10, static/dist2protect, 58000, 58100, 67, 3, -0.490748729515582, -0.491054981742373, 0, 
16, 10, static/dist2protect, 58100, 58200, 63, 5, 0.118516967063661, 0.118607022037793, 0, 
16, 10, static/dist2protect, 58200, 58500, 167, 11, -0.0824386692751866, -0.0825911656213685, 0, 
16, 10, static/dist2protect, 58500, 58600, 54, 5, 0.287139679499454, 0.287340781835399, 0, 
16, 10, static/dist2protect, 58600, 58700, 64, 8, 0.623611916120666, 0.624210247330334, 0, 
16, 10, static/dist2protect, 58700, 59000, 270, 24, 0.242244359591563, 0.243078679287195, 0, 
16, 10, static/dist2protect, 59000, 59100, 86, 3, -0.750706253952508, -0.751246997365356, 0, 
16, 10, static/dist2protect, 59100, 59200, 71, 5, -0.0106947644163453, -0.0107034285617193, 0, 
16, 10, static/dist2protect, 59200, 59300, 73, 10, 0.728972431778493, 0.729806915050514, 1, 
16, 10, static/dist2protect, 59300, 59400, 72, 5, -0.0257326417808858, -0.0257536465014542, 0, 
16, 10, static/dist2protect, 59400, 59500, 61, 5, 0.153608286874931, 0.153723020106285, 0, 
16, 10, static/dist2protect, 59500, 59600, 50, 6, 0.577091900485774, 0.577515863814766, 0, 
16, 10, static/dist2protect, 59600, 59800, 106, 19, 1.04805292568784, 1.0500438715966, 1, 
16, 10, static/dist2protect, 59800, 59900, 45, 5, 0.490080523496144, 0.490392660863756, 0, 
16, 10, static/dist2protect, 59900, 60000, 44, 2, -0.475000372547443, -0.475196272790232, 0, 
16, 10, static/dist2protect, 60000, 60100, 52, 1, -1.36230356754835, -1.36277157506443, 0, 
16, 10, static/dist2protect, 60100, 60200, 37, 1, -1.01399687328013, -1.01427982469285, 0, 
16, 10, static/dist2protect, 60200, 60300, 36, 5, 0.744972773124934, 0.745395933196803, 0, 
16, 10, static/dist2protect, 60300, 60400, 35, 1, -0.956838459440182, -0.95709673929304, 0, 
16, 10, static/dist2protect, 60400, 60500, 46, 7, 0.851870568101647, 0.852517414599588, 1, 
16, 10, static/dist2protect, 60500, 61100, 238, 28, 0.554619044633715, 0.556545342777672, 1, 
16, 10, static/dist2protect, 61100, 61200, 27, 2, 0.0437934208677244, 0.0438072250042086, 0, 
16, 10, static/dist2protect, 61200, 61300, 23, 1, -0.521520388182336, -0.521630651457068, 0, 
16, 10, static/dist2protect, 61300, 61400, 22, 0, 0, 0, 0, 
16, 10, static/dist2protect, 61400, 61600, 32, 3, 0.300838523857616, 0.300964085192779, 0, 
16, 10, static/dist2protect, 61600, 61700, 8, 1, 0.623611916120666, 0.623686642764512, 0, 
16, 10, static/dist2protect, 61700, 61800, 8, 0, 0, 0, 0, 
16, 10, static/dist2protect, 61800, 62400, 7, 0, 0, 0, 0, 
16, 10, static/dist2road, 0, 100, 2505, 269, 0.451789610502829, 0.468114925916267, 1, 
16, 10, static/dist2road, 100, 300, 10032, 841, 0.178133701790818, 0.203371395920387, 1, 
16, 10, static/dist2road, 300, 500, 6775, 472, -0.0222799387515749, -0.0241349442624733, 0, 
16, 10, static/dist2road, 500, 8900, 67998, 4628, -0.0473436888280156, -0.200297503263341, 1, 
16, 10, static/elevation, 0, 100, 38203, 1975, -0.339741836983637, -0.548833238057599, 1, 
16, 10, static/elevation, 100, 200, 41323, 3712, 0.253796319297936, 0.54129187497208, 1, 
16, 10, static/elevation, 200, 500, 7209, 522, 0.0192690310046399, 0.0210189310858471, 0, 
16, 10, static/elevation, 500, 600, 132, 1, -2.30567525802517, -2.30713081021533, 1, 
16, 10, static/elevation, 600, 700, 69, 0, 0, 0, 0, 
16, 10, static/elevation, 700, 2300, 374, 0, 0, 0, 0, 
16, 10, static/population, 0, 100, 75872, 5529, 0.0261457564096408, 0.216373369516154, 1, 
16, 10, static/population, 100, 200, 10084, 559, -0.266003661663823, -0.29661239650333, 1, 
16, 10, static/population, 200, 300, 870, 108, 0.615706736613553, 0.623810819564714, 1, 
16, 10, static/population, 300, 600, 87, 8, 0.279515754388794, 0.279830248864381, 0, 
16, 10, static/population, 600, 1400, 397, 6, -1.60742602558133, -1.61129224285049, 1, 
16, 17, distance/distance_to_1, 0, 200, 10545, 2598, -0.0288166647046119, -0.0318977458215839, 0, 
16, 17, distance/distance_to_1, 200, 6100, 97843, 24690, 0.00308108111697205, 0.0318977458215839, 0, 
16, 17, static/PlanningUnit, 0, 100, 108388, 27288, 0, 0, 0, 
16, 17, static/dist2deforest, 0, 200, 6475, 754, -0.93727061025555, -0.982404734122638, 1, 
16, 17, static/dist2deforest, 200, 300, 6649, 1286, -0.338750978180338, -0.358893539825485, 1, 
16, 17, static/dist2deforest, 300, 400, 5199, 1163, -0.155015312949813, -0.162507693784488, 1, 
16, 17, static/dist2deforest, 400, 600, 10619, 2764, 0.0447645502028615, 0.0496863904791307, 1, 
16, 17, static/dist2deforest, 600, 14900, 79446, 21321, 0.0863325546103701, 0.345259018307153, 1, 
16, 17, static/dist2protect, 0, 100, 2173, 327, -0.641580328160521, -0.652549736840109, 1, 
16, 17, static/dist2protect, 100, 200, 101, 36, 0.498367584565496, 0.498885915759134, 1, 
16, 17, static/dist2protect, 200, 1000, 843, 340, 0.69759136351549, 0.703907792388252, 1, 
16, 17, static/dist2protect, 1000, 1100, 111, 52, 0.962942190680731, 0.964121846504673, 1, 
16, 17, static/dist2protect, 1100, 1200, 98, 36, 0.545620469416041, 0.546175820964709, 1, 
16, 17, static/dist2protect, 1200, 1500, 306, 138, 0.892525621758968, 0.89552195529095, 1, 
16, 17, static/dist2protect, 1500, 3000, 1694, 880, 1.16719745747473, 1.18988980646973, 1, 
16, 17, static/dist2protect, 3000, 13400, 17105, 7023, 0.727674737521467, 0.892476927473198, 1, 
16, 17, static/dist2protect, 13400, 13500, 145, 28, -0.34073350861753, -0.341150594788874, 0, 
16, 17, static/dist2protect, 13500, 13600, 167, 39, -0.0992327017849481, -0.0993820250788261, 0, 
16, 17, static/dist2protect, 13600, 13700, 179, 32, -0.435460767973987, -0.436101624987206, 1, 
16, 17, static/dist2protect, 13700, 13900, 303, 61, -0.288827945978353, -0.289578460197454, 1, 
16, 17, static/dist2protect, 13900, 14200, 548, 124, -0.140215973621898, -0.140903323603566, 0, 
16, 17, static/dist2protect, 14200, 14300, 213, 64, 0.244172693419235, 0.24468187356746, 0, 
16, 17, static/dist2protect, 14300, 14400, 234, 63, 0.0907070858938954, 0.0909077281437729, 0, 
16, 17, static/dist2protect, 14400, 14600, 393, 115, 0.206546930677636, 0.207336387123909, 0, 
16, 17, static/dist2protect, 14600, 14700, 185, 60, 0.355266740924822, 0.355925434391487, 1, 
16, 17, static/dist2protect, 14700, 22400, 17991, 5205, 0.19050479572742, 0.230575521587403, 1, 
16, 17, static/dist2protect, 22400, 22900, 1269, 327, 0.0311908123259129, 0.0315632059020395, 0, 
16, 17, static/dist2protect, 22900, 23100, 485, 107, -0.172829445152659, -0.173572408217179, 0, 
16, 17, static/dist2protect, 23100, 24600, 3832, 932, -0.0458972852839515, -0.0475595067892821, 0, 
16, 17, static/dist2protect, 24600, 24700, 247, 87, 0.479970219425779, 0.481188705536447, 1, 
16, 17, static/dist2protect, 24700, 24800, 200, 61, 0.265635847047642, 0.266158360271673, 0, 
16, 17, static/dist2protect, 24800, 26000, 2632, 716, 0.104921124434862, 0.107601436836375, 1, 
16, 17, static/dist2protect, 26000, 26100, 214, 46, -0.206086666909141, -0.206473187022366, 0, 
16, 17, static/dist2protect, 26100, 26400, 674, 162, -0.0614923738021011, -0.0618712122939838, 0, 
16, 17, static/dist2protect, 26400, 26500, 220, 44, -0.297058445114868, -0.297617231883795, 0, 
16, 17, static/dist2protect, 26500, 62400, 55826, 10183, -0.410894675453281, -0.771180715189658, 1, 
16, 17, static/dist2road, 0, 100, 3650, 1414, 0.630969928186551, 0.65622025864884, 1, 
16, 17, static/dist2road, 100, 500, 23488, 7994, 0.427474324084444, 0.562111396513214, 1, 
16, 17, static/dist2road, 500, 600, 5636, 1641, 0.199498148894738, 0.211003756487129, 1, 
16, 17, static/dist2road, 600, 1800, 39943, 10126, 0.00926358889876179, 0.0146893487501231, 0, 
16, 17, static/dist2road, 1800, 1900, 2431, 490, -0.287317276059315, -0.293421961918931, 1, 
16, 17, static/dist2road, 1900, 3300, 22103, 3886, -0.455738957088421, -0.556520504983677, 1, 
16, 17, static/dist2road, 3300, 3400, 1029, 151, -0.67113084081517, -0.676467075696115, 1, 
16, 17, static/dist2road, 3400, 8900, 10108, 1586, -0.592200015860041, -0.643342896145253, 1, 
16, 17, static/elevation, 0, 100, 45644, 9416, -0.258186014549704, -0.426843180675536, 1, 
16, 17, static/elevation, 100, 200, 45357, 7746, -0.490884063704415, -0.780177942678079, 1, 
16, 17, static/elevation, 200, 300, 9719, 5557, 1.37829858233136, 1.55332275649378, 1, 
16, 17, static/elevation, 300, 2300, 7668, 4569, 1.47745079978055, 1.62173495209596, 1, 
16, 17, static/population, 0, 100, 94586, 24243, 0.0239805558023079, 0.196800444085293, 1, 
16, 17, static/population, 100, 200, 12023, 2498, -0.249193593304356, -0.278124004372299, 1, 
16, 17, static/population, 200, 300, 1164, 402, 0.449741448937397, 0.455142562321933, 1, 
16, 17, static/population, 300, 1400, 615, 145, -0.0867630362785073, -0.0872473498358163, 0, 
17, 10, distance/distance_to_1, 0, 200, 5033, 682, -0.126304372300282, -0.13817609673973, 1, 
17, 10, distance/distance_to_1, 200, 900, 27003, 4293, 0.0610073857018924, 0.12016649204161, 1, 
17, 10, distance/distance_to_1, 900, 6100, 24006, 3487, -0.0454825659011605, -0.0786413121138228, 1, 
17, 10, static/PlanningUnit, 0, 100, 56042, 8462, 0, 0, 0, 
17, 10, static/dist2deforest, 0, 200, 3378, 159, -1.28109487650164, -1.33217801929901, 1, 
17, 10, static/dist2deforest, 200, 300, 2789, 300, -0.389026875134455, -0.406660394641448, 1, 
17, 10, static/dist2deforest, 300, 500, 3987, 541, -0.124723185664457, -0.133837138262647, 1, 
17, 10, static/dist2deforest, 500, 1200, 13359, 2151, 0.0761319938278229, 0.100810146512451, 1, 
17, 10, static/dist2deforest, 1200, 1300, 1551, 327, 0.406907660401918, 0.420255700626125, 1, 
17, 10, static/dist2deforest, 1300, 3200, 17563, 3102, 0.187418646698628, 0.2817348548635, 1, 
17, 10, static/dist2deforest, 3200, 3300, 516, 73, -0.0762833763198087, -0.0769733974986611, 0, 
17, 10, static/dist2deforest, 3300, 3500, 1011, 119, -0.287515686891544, -0.292278331048042, 1, 
17, 10, static/dist2deforest, 3500, 3700, 913, 128, -0.0868265012858554, -0.0882206272538332, 0, 
17, 10, static/dist2deforest, 3700, 5700, 5896, 705, -0.269656880438024, -0.298190599906859, 1, 
17, 10, static/dist2deforest, 5700, 5800, 226, 11, -1.24591580275236, -1.24914397356414, 1, 
17, 10, static/dist2deforest, 5800, 5900, 193, 15, -0.746906396612939, -0.748880276031523, 1, 
17, 10, static/dist2deforest, 5900, 6000, 204, 30, -0.0310309649754378, -0.031143106382729, 0, 
17, 10, static/dist2deforest, 6000, 6200, 425, 50, -0.288076067965329, -0.290062459198238, 0, 
17, 10, static/dist2deforest, 6200, 6400, 391, 60, 0.0190531394219736, 0.0191879037924741, 0, 
17, 10, static/dist2deforest, 6400, 6600, 342, 45, -0.160242696455444, -0.161172296400305, 0, 
17, 10, static/dist2deforest, 6600, 6700, 151, 15, -0.477777732056906, -0.478865965212172, 0, 
17, 10, static/dist2deforest, 6700, 6800, 139, 17, -0.243980748100105, -0.244537141567238, 0, 
17, 10, static/dist2deforest, 6800, 7800, 1088, 160, -0.0310309649754378, -0.0316385683544174, 0, 
17, 10, static/dist2deforest, 7800, 7900, 65, 20, 0.915896736360607, 0.917316818234358, 1, 
17, 10, static/dist2deforest, 7900, 8000, 62, 14, 0.494683271284304, 0.495329760171242, 0, 
17, 10, static/dist2deforest, 8000, 8100, 67, 11, 0.0993705346401573, 0.0994936510969171, 0, 
17, 10, static/dist2deforest, 8100, 8200, 60, 13, 0.441628708328414, 0.442177871245547, 0, 
17, 10, static/dist2deforest, 8200, 8500, 209, 34, 0.0884015032695832, 0.0887427631206271, 0, 
17, 10, static/dist2deforest, 8500, 10000, 820, 159, 0.301977314945481, 0.306956177773829, 1, 
17, 10, static/dist2deforest, 10000, 10100, 35, 11, 0.946668395027361, 0.947464628884378, 1, 
17, 10, static/dist2deforest, 10100, 10400, 79, 18, 0.506324846299789, 0.507171394798702, 0, 
17, 10, static/dist2deforest, 10400, 10500, 16, 1, -0.981223248525274, -0.981420374386154, 0, 
17, 10, static/dist2deforest, 10500, 10600, 18, 2, -0.3526145891029, -0.352714542722635, 0, 
17, 10, static/dist2deforest, 10600, 10700, 19, 4, 0.405071112594616, 0.405228617625804, 0, 
17, 10, static/dist2deforest, 10700, 10800, 21, 6, 0.810536220702781, 0.810930216216329, 0, 
17, 10, static/dist2deforest, 10800, 10900, 15, 6, 1.32136184446877, 1.32188197519944, 1, 
17, 10, static/dist2deforest, 10900, 14800, 434, 155, 1.13904028767482, 1.1516462391644, 1, 
17, 10, static/dist2protect, 0, 100, 1552, 77, -1.2257808943433, -1.2481308382043, 1, 
17, 10, static/dist2protect, 100, 200, 76, 5, -0.926415012030279, -0.927317298630366, 1, 
17, 10, static/dist2protect, 200, 300, 62, 7, -0.334596083600222, -0.334925130153208, 0, 
17, 10, static/dist2protect, 300, 600, 141, 26, 0.239991362235168, 0.240648744375466, 0, 
17, 10, static/dist2protect, 600, 700, 50, 7, -0.0884630140613132, -0.0885395938018251, 0, 
17, 10, static/dist2protect, 700, 900, 161, 38, 0.552228756930904, 0.554141067406846, 1, 
17, 10, static/dist2protect, 900, 1500, 545, 98, 0.209235836633939, 0.211445495124186, 0, 
17, 10, static/dist2protect, 1500, 1600, 79, 10, -0.204694459026278, -0.204963248179325, 0, 
17, 10, static/dist2protect, 1600, 1700, 76, 6, -0.729908820244368, -0.730671806190411, 0, 
17, 10, static/dist2protect, 1700, 1800, 95, 14, -0.0285648724802443, -0.0286128938336789, 0, 
17, 10, static/dist2protect, 1800, 3200, 1414, 166, -0.290482807995894, -0.297250364429956, 1, 
17, 10, static/dist2protect, 3200, 3300, 156, 1, -3.31659816434231, -3.31974297104053, 1, 
17, 10, static/dist2protect, 3300, 3500, 340, 8, -1.99886647465972, -2.00492280437968, 1, 
17, 10, static/dist2protect, 3500, 3700, 301, 12, -1.4546930857475, -1.45936647714162, 1, 
17, 10, static/dist2protect, 3700, 3800, 112, 2, -2.28050623265554, -2.28258442628738, 1, 
17, 10, static/dist2protect, 3800, 4300, 575, 18, -1.70536652945418, -1.7150127683034, 1, 
17, 10, static/dist2protect, 4300, 4500, 217, 10, -1.30330674769439, -1.30648435387252, 1, 
17, 10, static/dist2protect, 4500, 4600, 97, 6, -0.992273084711859, -0.993478180582049, 1, 
17, 10, static/dist2protect, 4600, 4700, 106, 2, -2.22441676600449, -2.2263685720053, 1, 
17, 10, static/dist2protect, 4700, 4800, 89, 3, -1.62890805500846, -1.63036258363467, 1, 
17, 10, static/dist2protect, 4800, 4900, 91, 0, 0, 0, 0, 
17, 10, static/dist2protect, 4900, 5000, 93, 3, -1.67437042908522, -1.675909182423, 1, 
17, 10, static/dist2protect, 5000, 5100, 97, 7, -0.827072568698016, -0.828138341064465, 1, 
17, 10, static/dist2protect, 5100, 5200, 102, 12, -0.288076067965329, -0.288550299350317, 0, 
17, 10, static/dist2protect, 5200, 5300, 100, 4, -1.45122687777101, -1.45277375720696, 1, 
17, 10, static/dist2protect, 5300, 5400, 89, 8, -0.588180660415667, -0.588938656949794, 0, 
17, 10, static/dist2protect, 5400, 5500, 88, 15, 0.144417712530755, 0.144656479812449, 0, 
17, 10, static/dist2protect, 5500, 5600, 117, 15, -0.190095659605125, -0.190467515072309, 0, 
17, 10, static/dist2protect, 5600, 5700, 104, 9, -0.629825361687386, -0.630759850516196, 0, 
17, 10, static/dist2protect, 5700, 6000, 322, 22, -0.885913068720949, -0.889634956807908, 1, 
17, 10, static/dist2protect, 6000, 6100, 113, 1, -2.99167191871816, -2.99391044143457, 1, 
17, 10, static/dist2protect, 6100, 6300, 191, 5, -1.88948180870217, -1.89280762366885, 1, 
17, 10, static/dist2protect, 6300, 6400, 81, 5, -0.994468475275295, -0.995476010630912, 1, 
17, 10, static/dist2protect, 6400, 6500, 63, 8, -0.201064690975699, -0.20127545732274, 0, 
17, 10, static/dist2protect, 6500, 6700, 176, 18, -0.445396322553866, -0.446593149072091, 0, 
17, 10, static/dist2protect, 6700, 6800, 85, 1, -2.70398984626638, -2.7056386718173, 1, 
17, 10, static/dist2protect, 6800, 7200, 408, 14, -1.61046662710574, -1.61712606822206, 1, 
17, 10, static/dist2protect, 7200, 7300, 111, 11, -0.480447960612785, -0.481251121010599, 0, 
17, 10, static/dist2protect, 7300, 7400, 109, 8, -0.808852022584488, -0.81003116928593, 1, 
17, 10, static/dist2protect, 7400, 7500, 87, 4, -1.30571929409977, -1.30699243457569, 1, 
17, 10, static/dist2protect, 7500, 7600, 89, 1, -2.75050986190127, -2.75224290861702, 1, 
17, 10, static/dist2protect, 7600, 7700, 80, 2, -1.93673469355271, -1.93813900433043, 1, 
17, 10, static/dist2protect, 7700, 7800, 93, 4, -1.37551505603531, -1.37691452825857, 1, 
17, 10, static/dist2protect, 7800, 7900, 82, 2, -1.962052501537, -1.96349891669147, 1, 
17, 10, static/dist2protect, 7900, 8100, 180, 12, -0.912230377038323, -0.914348409767087, 1, 
17, 10, static/dist2protect, 8100, 9300, 882, 44, -1.22000151398689, -1.23255761881537, 1, 
17, 10, static/dist2protect, 9300, 9400, 84, 7, -0.671068320221435, -0.671860388207957, 0, 
17, 10, static/dist2protect, 9400, 9600, 157, 10, -0.961020541207755, -0.962932404542383, 1, 
17, 10, static/dist2protect, 9600, 9700, 80, 3, -1.51836618060864, -1.5196312295665, 1, 
17, 10, static/dist2protect, 9700, 9900, 190, 11, -1.06266358046545, -1.06513198507982, 1, 
17, 10, static/dist2protect, 9900, 10300, 367, 31, -0.656297002901122, -0.659713682668996, 1, 
17, 10, static/dist2protect, 10300, 10500, 166, 10, -1.02044396167856, -1.02254558433568, 1, 
17, 10, static/dist2protect, 10500, 10600, 63, 2, -1.69089973103643, -1.69194622616958, 1, 
17, 10, static/dist2protect, 10600, 10700, 63, 3, -1.26890532097706, -1.26981256182148, 1, 
17, 10, static/dist2protect, 10700, 11900, 838, 55, -0.928972558181396, -0.939045104606651, 1, 
17, 10, static/dist2protect, 11900, 12000, 72, 2, -1.82852110891248, -1.82975701990872, 1, 
17, 10, static/dist2protect, 12000, 12100, 72, 6, -0.671068320221435, -0.671747116909977, 0, 
17, 10, static/dist2protect, 12100, 12200, 69, 3, -1.36421550078138, -1.36524901222386, 1, 
17, 10, static/dist2protect, 12200, 12400, 189, 13, -0.878707684999679, -0.880876115421121, 1, 
17, 10, static/dist2protect, 12400, 12500, 84, 8, -0.524464846029559, -0.525117582729689, 0, 
17, 10, static/dist2protect, 12500, 13900, 973, 74, -0.770390988690515, -0.780682824667498, 1, 
17, 10, static/dist2protect, 13900, 14000, 76, 1, -2.59066116095937, -2.59212051481996, 1, 
17, 10, static/dist2protect, 14000, 14100, 86, 3, -1.59340136655155, -1.59479273129905, 1, 
17, 10, static/dist2protect, 14100, 14200, 79, 4, -1.20436679983948, -1.205471522808, 1, 
17, 10, static/dist2protect, 14200, 14300, 81, 2, -1.94947371933014, -1.95089908207464, 1, 
17, 10, static/dist2protect, 14300, 14400, 71, 3, -1.39406846393106, -1.39514406911632, 1, 
17, 10, static/dist2protect, 14400, 14500, 59, 4, -0.894211871535645, -0.894895674788384, 0, 
17, 10, static/dist2protect, 14500, 14700, 138, 13, -0.536537427263828, -0.537630577429017, 0, 
17, 10, static/dist2protect, 14700, 14800, 84, 6, -0.838122404884601, -0.839053790612121, 1, 
17, 10, static/dist2protect, 14800, 14900, 73, 8, -0.368118775638865, -0.368539979697121, 0, 
17, 10, static/dist2protect, 14900, 15100, 123, 19, 0.0268750326020038, 0.0269347045319638, 0, 
17, 10, static/dist2protect, 15100, 15200, 57, 4, -0.857170599855295, -0.857812320879354, 0, 
17, 10, static/dist2protect, 15200, 15400, 150, 20, -0.144975224324656, -0.145344899205961, 0, 
17, 10, static/dist2protect, 15400, 15800, 296, 31, -0.41891566892414, -0.420830640481418, 1, 
17, 10, static/dist2protect, 15800, 15900, 90, 13, -0.0520291118152113, -0.0521112886218983, 0, 
17, 10, static/dist2protect, 15900, 16000, 84, 17, 0.355347677242186, 0.355949532211917, 0, 
17, 10, static/dist2protect, 16000, 16100, 83, 7, -0.657996238654082, -0.658767255560157, 0, 
17, 10, static/dist2protect, 16100, 16200, 81, 17, 0.40115721327348, 0.401822206864074, 0, 
17, 10, static/dist2protect, 16200, 16300, 69, 11, 0.064279214828887, 0.0643602464004272, 0, 
17, 10, static/dist2protect, 16300, 16400, 89, 9, -0.457975104760726, -0.458593754243857, 0, 
17, 10, static/dist2protect, 16400, 16500, 88, 11, -0.219083196478377, -0.219402059676702, 0, 
17, 10, static/dist2protect, 16500, 16900, 387, 38, -0.490658809899106, -0.493520080640561, 1, 
17, 10, static/dist2protect, 16900, 17000, 96, 6, -0.981223248525274, -0.982407287109116, 1, 
17, 10, static/dist2protect, 17000, 17100, 107, 1, -2.93661214153513, -2.93872427129567, 1, 
17, 10, static/dist2protect, 17100, 17200, 97, 3, -1.71785554102496, -1.71947852616872, 1, 
17, 10, static/dist2protect, 17200, 17300, 94, 8, -0.648078801996736, -0.648942069445659, 0, 
17, 10, static/dist2protect, 17300, 17400, 115, 18, 0.0424877319697177, 0.0425764016508548, 0, 
17, 10, static/dist2protect, 17400, 17600, 226, 25, -0.357602130613939, -0.358876785818337, 0, 
17, 10, static/dist2protect, 17600, 17800, 232, 35, -0.0010287146716389, -0.00103298945700726, 0, 
17, 10, static/dist2protect, 17800, 18000, 248, 30, -0.256470728549998, -0.25751145351211, 0, 
17, 10, static/dist2protect, 18000, 18100, 95, 8, -0.659639624397812, -0.660523947359596, 0, 
17, 10, static/dist2protect, 18100, 18200, 81, 9, -0.3526145891029, -0.353064831714633, 0, 
17, 10, static/dist2protect, 18200, 18400, 159, 14, -0.61084946022838, -0.612245786924381, 1, 
17, 10, static/dist2protect, 18400, 18500, 88, 13, -0.0257118034978378, -0.0257518785867686, 0, 
17, 10, static/dist2protect, 18500, 23200, 4845, 842, 0.167807607826689, 0.184733773781231, 1, 
17, 10, static/dist2protect, 23200, 23300, 115, 35, 0.900148379392468, 0.902610301065911, 1, 
17, 10, static/dist2protect, 23300, 23400, 107, 43, 1.32914398491083, 1.33289247240566, 1, 
17, 10, static/dist2protect, 23400, 24000, 548, 164, 0.876050827813407, 0.887518496563468, 1, 
17, 10, static/dist2protect, 24000, 24100, 100, 9, -0.586807976603695, -0.587658231852739, 0, 
17, 10, static/dist2protect, 24100, 24200, 108, 26, 0.578204243334165, 0.579556633031687, 1, 
17, 10, static/dist2protect, 24200, 24300, 128, 39, 0.901752228974443, 0.904499436468259, 1, 
17, 10, static/dist2protect, 24300, 29900, 7487, 1824, 0.593905057097408, 0.709958863789091, 1, 
17, 10, static/dist2protect, 29900, 30600, 669, 131, 0.314165715616303, 0.318396085739947, 1, 
17, 10, static/dist2protect, 30600, 30900, 310, 72, 0.531222397921516, 0.534752775629665, 1, 
17, 10, static/dist2protect, 30900, 31100, 200, 62, 0.926707652464823, 0.931156906355464, 1, 
17, 10, static/dist2protect, 31100, 31400, 253, 63, 0.622937606807982, 0.626409239067053, 1, 
17, 10, static/dist2protect, 31400, 31500, 85, 11, -0.179342867828863, -0.179598579115243, 0, 
17, 10, static/dist2protect, 31500, 31600, 90, 8, -0.600450753007481, -0.601229802838029, 0, 
17, 10, static/dist2protect, 31600, 31700, 106, 16, -0.00039399551354796, -0.000394742041205221, 0, 
17, 10, static/dist2protect, 31700, 31800, 107, 19, 0.19392911726517, 0.194325744804417, 0, 
17, 10, static/dist2protect, 31800, 31900, 117, 25, 0.423914200396096, 0.424937500180586, 0, 
17, 10, static/dist2protect, 31900, 33500, 1736, 302, 0.16903094879224, 0.17477011054226, 1, 
17, 10, static/dist2protect, 33500, 33600, 126, 6, -1.26890532097706, -1.27072127111431, 1, 
17, 10, static/dist2protect, 33600, 33800, 278, 25, -0.587686711282384, -0.590059501878955, 1, 
17, 10, static/dist2protect, 33800, 33900, 119, 17, -0.0649325166511191, -0.0650675736327069, 0, 
17, 10, static/dist2protect, 33900, 35700, 1753, 214, -0.246085166240092, -0.253350561670619, 1, 
17, 10, static/dist2protect, 35700, 42100, 5796, 600, -0.431887769997408, -0.473984817044298, 1, 
17, 10, static/dist2protect, 42100, 42200, 113, 1, -2.99167191871816, -2.99391044143457, 1, 
17, 10, static/dist2protect, 42200, 42300, 118, 4, -1.62307713469767, -1.62500316105759, 1, 
17, 10, static/dist2protect, 42300, 42600, 339, 23, -0.893421045080827, -0.897362909484623, 1, 
17, 10, static/dist2protect, 42600, 42700, 105, 15, -0.0649325166511191, -0.065051655412384, 0, 
17, 10, static/dist2protect, 42700, 42800, 106, 10, -0.534936145896855, -0.535773386036313, 0, 
17, 10, static/dist2protect, 42800, 42900, 100, 13, -0.174131808616111, -0.174424520604005, 0, 
17, 10, static/dist2protect, 42900, 43000, 90, 9, -0.470397624759284, -0.471037327095603, 0, 
17, 10, static/dist2protect, 43000, 43100, 105, 14, -0.144975224324656, -0.145233798590815, 0, 
17, 10, static/dist2protect, 43100, 43200, 114, 18, 0.0528505190052644, 0.052960248633542, 0, 
17, 10, static/dist2protect, 43200, 43300, 114, 14, -0.239285903795897, -0.239734013595271, 0, 
17, 10, static/dist2protect, 43300, 43400, 91, 7, -0.758079697211064, -0.75901913517017, 0, 
17, 10, static/dist2protect, 43400, 44600, 1093, 105, -0.514895395013408, -0.523393006035423, 1, 
17, 10, static/dist2protect, 44600, 44700, 87, 27, 0.928319256359164, 0.930253262838686, 1, 
17, 10, static/dist2protect, 44700, 44800, 83, 20, 0.579424499739394, 0.580465841550544, 1, 
17, 10, static/dist2protect, 44800, 44900, 76, 12, 0.0528505190052644, 0.0529236214865393, 0, 
17, 10, static/dist2protect, 44900, 45200, 246, 32, -0.173413159645189, -0.174132212495347, 0, 
17, 10, static/dist2protect, 45200, 45300, 72, 11, 0.0138483612019952, 0.0138662621246366, 0, 
17, 10, static/dist2protect, 45300, 45400, 90, 18, 0.340532591457045, 0.341147626806029, 0, 
17, 10, static/dist2protect, 45400, 45500, 80, 13, 0.0870836906475066, 0.0872120047062931, 0, 
17, 10, static/dist2protect, 45500, 45700, 147, 29, 0.323438158097745, 0.324388015798131, 0, 
17, 10, static/dist2protect, 45700, 45800, 73, 6, -0.686106197585975, -0.686806040924417, 0, 
17, 10, static/dist2protect, 45800, 45900, 82, 4, -1.24358751299277, -1.24475538920265, 1, 
17, 10, static/dist2protect, 45900, 46000, 70, 7, -0.470397624759284, -0.47089501793837, 0, 
17, 10, static/dist2protect, 46000, 46100, 86, 17, 0.325933792035893, 0.326493552376892, 0, 
17, 10, static/dist2protect, 46100, 46300, 210, 50, 0.563676142771255, 0.566234012991125, 1, 
17, 10, static/dist2protect, 46300, 46600, 289, 52, 0.210010530023232, 0.211181076895545, 0, 
17, 10, static/dist2protect, 46600, 46700, 78, 11, -0.0799703940156596, -0.0800787663485105, 0, 
17, 10, static/dist2protect, 46700, 46900, 169, 30, 0.193550401108399, 0.194176290457773, 0, 
17, 10, static/dist2protect, 46900, 47300, 348, 46, -0.154958668308839, -0.155875205862439, 0, 
17, 10, static/dist2protect, 47300, 47400, 69, 3, -1.36421550078138, -1.36524901222386, 1, 
17, 10, static/dist2protect, 47400, 47500, 75, 5, -0.912230377038323, -0.913111615216514, 1, 
17, 10, static/dist2protect, 47500, 47700, 170, 16, -0.537536927596912, -0.538886235161682, 1, 
17, 10, static/dist2protect, 47700, 47800, 78, 13, 0.117389040142836, 0.117559447058471, 0, 
17, 10, static/dist2protect, 47800, 47900, 84, 19, 0.496878661847739, 0.497759464246719, 0, 
17, 10, static/dist2protect, 47900, 48000, 91, 16, 0.181927561280407, 0.182242620850432, 0, 
17, 10, static/dist2protect, 48000, 48100, 100, 13, -0.174131808616111, -0.174424520604005, 0, 
17, 10, static/dist2protect, 48100, 48700, 522, 83, 0.0611681472983624, 0.0617557297801342, 0, 
17, 10, static/dist2protect, 48700, 48800, 78, 15, 0.291742427287613, 0.292191667713711, 0, 
17, 10, static/dist2protect, 48800, 48900, 92, 14, 0.00917545550260284, 0.00919059137911297, 0, 
17, 10, static/dist2protect, 48900, 53600, 3533, 635, 0.208675828589, 0.223840317145926, 1, 
17, 10, static/dist2protect, 53600, 53700, 96, 35, 1.17130114989304, 1.17416299158781, 1, 
17, 10, static/dist2protect, 53700, 58100, 2407, 696, 0.827343339019162, 0.876550662762966, 1, 
17, 10, static/dist2protect, 58100, 58300, 54, 21, 1.27484182883388, 1.27663278677376, 1, 
17, 10, static/dist2protect, 58300, 62900, 910, 307, 1.05175750343695, 1.07595743501845, 1, 
17, 10, static/dist2road, 0, 100, 3221, 237, -0.806132867611584, -0.842493947934631, 1, 
17, 10, static/dist2road, 100, 300, 11120, 1002, -0.585491060630135, -0.69854634154904, 1, 
17, 10, static/dist2road, 300, 400, 3364, 368, -0.370123453891243, -0.390698402654618, 1, 
17, 10, static/dist2road, 400, 1700, 23603, 3041, -0.184431350848363, -0.305035293156011, 1, 
17, 10, static/dist2road, 1700, 1800, 950, 176, 0.245739074025361, 0.250356177627446, 1, 
17, 10, static/dist2road, 1800, 2400, 4727, 1042, 0.463698370266811, 0.514492778888758, 1, 
17, 10, static/dist2road, 2400, 2500, 557, 157, 0.791608210817262, 0.801893589154597, 1, 
17, 10, static/dist2road, 2500, 7000, 8500, 2439, 0.816540268841571, 1.02027899599222, 1, 
17, 10, static/elevation, 0, 100, 26357, 3765, -0.0650210474820387, -0.120376297472509, 1, 
17, 10, static/elevation, 100, 200, 15745, 4359, 0.766685095304301, 1.21703308850533, 1, 
17, 10, static/elevation, 200, 300, 6737, 280, -1.41130353688028, -1.52349953328032, 1, 
17, 10, static/elevation, 300, 400, 3139, 36, -2.72977877341533, -2.79295568792452, 1, 
17, 10, static/elevation, 400, 1500, 4064, 22, -3.48662549202831, -3.57280063323437, 1, 
17, 10, static/population, 0, 100, 45509, 7298, 0.0713038583154597, 0.430020923398329, 1, 
17, 10, static/population, 100, 200, 8379, 978, -0.297033782585713, -0.343283672501398, 1, 
17, 10, static/population, 200, 300, 1428, 123, -0.63494701180744, -0.648115411029663, 1, 
17, 10, static/population, 300, 600, 346, 25, -0.825738345684879, -0.829548981453363, 1, 
17, 10, static/population, 600, 1400, 380, 38, -0.470397624759284, -0.473110698737509, 1, 
17, 16, distance/distance_to_1, 0, 200, 5885, 1534, -0.077020415165763, -0.0844538095991682, 1, 
17, 16, distance/distance_to_1, 200, 6100, 59813, 16584, 0.0074333944334052, 0.0844538095991682, 1, 
17, 16, static/PlanningUnit, 0, 100, 65698, 18118, 0, 0, 0, 
17, 16, static/dist2deforest, 0, 200, 3771, 552, -0.797771399393997, -0.836882495457178, 1, 
17, 16, static/dist2deforest, 200, 300, 3229, 740, -0.247479530541661, -0.259508484532834, 1, 
17, 16, static/dist2deforest, 300, 500, 4699, 1253, -0.046166876564091, -0.0496834702445312, 0, 
17, 16, static/dist2deforest, 500, 900, 10079, 3049, 0.13013354781126, 0.154523089308949, 1, 
17, 16, static/dist2deforest, 900, 14900, 43920, 12524, 0.0464728928273075, 0.143294812285268, 1, 
17, 16, static/dist2protect, 0, 100, 1559, 84, -1.90008988430289, -1.92693393101722, 1, 
17, 16, static/dist2protect, 100, 700, 311, 27, -1.38763078652916, -1.39212622387026, 1, 
17, 16, static/dist2protect, 700, 800, 75, 12, -0.692721490975817, -0.693383909908388, 1, 
17, 16, static/dist2protect, 800, 900, 68, 8, -1.04939643491455, -1.0502166173832, 1, 
17, 16, static/dist2protect, 900, 10000, 9619, 1412, -0.794473723948809, -0.902667943705276, 1, 
17, 16, static/dist2protect, 10000, 10100, 116, 41, 0.361590538795713, 0.362278509833993, 0, 
17, 16, static/dist2protect, 10100, 10200, 131, 39, 0.107279654708322, 0.107499072925644, 0, 
17, 16, static/dist2protect, 10200, 10300, 113, 27, -0.193003844621463, -0.193321620015692, 0, 
17, 16, static/dist2protect, 10300, 10900, 554, 156, 0.0289105875928149, 0.0291580506409817, 0, 
17, 16, static/dist2protect, 10900, 11000, 96, 41, 0.671745467099552, 0.672854357853612, 1, 
17, 16, static/dist2protect, 11000, 11100, 83, 26, 0.180551855814647, 0.180789222946158, 0, 
17, 16, static/dist2protect, 11100, 11900, 741, 191, -0.0921382645521712, -0.0931671104956317, 0, 
17, 16, static/dist2protect, 11900, 12000, 83, 13, -0.718039298960107, -0.718793812606597, 1, 
17, 16, static/dist2protect, 12000, 12900, 812, 155, -0.478752315937648, -0.484065027991848, 1, 
17, 16, static/dist2protect, 12900, 13000, 81, 31, 0.487470784684716, 0.48813184150754, 1, 
17, 16, static/dist2protect, 13000, 13100, 90, 41, 0.787258354221397, 0.788493486349131, 1, 
17, 16, static/dist2protect, 13100, 13200, 98, 35, 0.377719920725597, 0.378328606443431, 0, 
17, 16, static/dist2protect, 13200, 13300, 101, 30, 0.104024090248556, 0.104187936422106, 0, 
17, 16, static/dist2protect, 13300, 13800, 421, 103, -0.161815808922825, -0.162820548801355, 0, 
17, 16, static/dist2protect, 13800, 14100, 328, 95, 0.0683450236625558, 0.0686931776765133, 0, 
17, 16, static/dist2protect, 14100, 14400, 294, 72, -0.160504677228509, -0.161199556474213, 0, 
17, 16, static/dist2protect, 14400, 32600, 21864, 6065, 0.00809448113301711, 0.0121429308436361, 0, 
17, 16, static/dist2protect, 32600, 32700, 145, 50, 0.323652699455321, 0.324417567730163, 0, 
17, 16, static/dist2protect, 32700, 62900, 27915, 9364, 0.281855439300144, 0.515133445223282, 1, 
17, 16, static/dist2road, 0, 100, 3465, 481, -0.859646105590175, -0.897507490400793, 1, 
17, 16, static/dist2road, 100, 500, 19043, 3302, -0.596233842247033, -0.796756152330777, 1, 
17, 16, static/dist2road, 500, 600, 4190, 933, -0.284650018801174, -0.302689785051805, 1, 
17, 16, static/dist2road, 600, 900, 7902, 2052, -0.0821201483075265, -0.0931116770834016, 1, 
17, 16, static/dist2road, 900, 1700, 12567, 3739, 0.106396293228202, 0.132303266125565, 1, 
17, 16, static/dist2road, 1700, 2200, 5323, 1847, 0.333187079441673, 0.364846592944158, 1, 
17, 16, static/dist2road, 2200, 2400, 1663, 680, 0.596990263650701, 0.614368106394227, 1, 
17, 16, static/dist2road, 2400, 7000, 11545, 5084, 0.725820834378895, 0.909223222626039, 1, 
17, 16, static/elevation, 0, 100, 31896, 9304, 0.0783551395332473, 0.15490289711706, 1, 
17, 16, static/elevation, 100, 200, 19057, 7671, 0.570569040075985, 0.847640957830908, 1, 
17, 16, static/elevation, 200, 300, 7151, 694, -1.26494154649195, -1.37172912262616, 1, 
17, 16, static/elevation, 300, 400, 3528, 425, -1.02252890989625, -1.06623237503025, 1, 
17, 16, static/elevation, 400, 500, 2365, 8, -4.72019677562858, -4.77056182617594, 1, 
17, 16, static/elevation, 500, 1500, 1701, 16, -3.69142553491897, -3.72659837128061, 1, 
17, 16, static/population, 0, 100, 53357, 15146, 0.0401196240436143, 0.222784278529437, 1, 
17, 16, static/population, 100, 300, 11434, 2728, -0.194937117521175, -0.233836004303803, 1, 
17, 16, static/population, 300, 600, 352, 31, -1.37194733301715, -1.37700425482831, 1, 
17, 16, static/population, 600, 1400, 555, 213, 0.491988014274535, 0.496600078626809, 1, 
